video_id,comentario,label,score
50G0kIty7Cg,Who would you call?,1 star,0.29137417674064636
50G0kIty7Cg,ğŸ‰ğŸ‰ğŸ‰ğŸ‰ğŸ‰,5 stars,0.30857783555984497
50G0kIty7Cg,No disponible para LATAMğŸ«¤,1 star,0.5794194340705872
50G0kIty7Cg,â¤â¤â¤â¤â¤â¤â¤â¤ğŸ˜¢ğŸ˜¢,5 stars,0.30857783555984497
50G0kIty7Cg,Meee,3 stars,0.26263219118118286
50G0kIty7Cg,â¤â¤â¤â¤â¤â¤â¤â¤â¤â¤â¤â¤â¤,5 stars,0.30857783555984497
50G0kIty7Cg,â¤â¤â¤â¤â¤â¤â¤,5 stars,0.30857783555984497
50G0kIty7Cg,YarÄ±ÅŸma neden bizi almÄ±yorsun ğŸ˜…,5 stars,0.44686296582221985
50G0kIty7Cg,Metas de vivir en usa:,1 star,0.3139306604862213
50G0kIty7Cg,â¤â¤â¤â¤,5 stars,0.30857783555984497
50G0kIty7Cg,â¤â¤â¤,5 stars,0.30857783555984497
50G0kIty7Cg,so cool,5 stars,0.6790622472763062
50G0kIty7Cg,Am I the only one that realizes that mrbeast gets millions of views every short,5 stars,0.2669772803783417
50G0kIty7Cg,Hafiz Naseem information ğŸ‰,5 stars,0.4012848734855652
50G0kIty7Cg,Do de biben,3 stars,0.2791344225406647
50G0kIty7Cg,Soy tu fan,5 stars,0.6142585277557373
50G0kIty7Cg,Soy de Bolivia,5 stars,0.40956535935401917
50G0kIty7Cg,"I have lot's of reviews products,, ,can you do 5 star review?",1 star,0.29615938663482666
50G0kIty7Cg,I want a million followers ğŸ˜­ğŸ˜­ğŸ˜­,5 stars,0.3842151463031769
50G0kIty7Cg,I'm a subscriber to your Chanel...,5 stars,0.29194849729537964
50G0kIty7Cg,ğŸ˜‚ğŸ˜‚ğŸ˜‚ğŸ˜‚ au revoir,5 stars,0.38267025351524353
50G0kIty7Cg,Big time subscriber,5 stars,0.7480885982513428
50G0kIty7Cg,Ø£Ù†Ø§ Ù…Ø´ØªØ±Ùƒ,5 stars,0.3494527041912079
50G0kIty7Cg,I im for a long time ago can I get some to,3 stars,0.26388993859291077
50G0kIty7Cg,C'est fauxğŸ˜…,5 stars,0.48827195167541504
50G0kIty7Cg,â¤,5 stars,0.30857783555984497
50G0kIty7Cg,Woy garif giuy??,1 star,0.3371776044368744
50G0kIty7Cg,Je et me suis abonnÃ© j ai tes vidÃ©os â¤â¤â¤ je m'appelle  mariatou je suis  au senegal,1 star,0.4613911509513855
50G0kIty7Cg,Iam from Bangladesh ğŸ‡§ğŸ‡©,1 star,0.27938181161880493
50G0kIty7Cg,Mrbeast as que aparezca en su video,1 star,0.2832600176334381
50G0kIty7Cg,Ù…Ø¨ÛŒÙ†Ø§ Ø®Ø¯Ø§Ø¨Ù†Ø¯Ù‡ ğŸ‰,5 stars,0.5616857409477234
50G0kIty7Cg,Essas coisa nÃ£o acontece comigo brasileiro de sÃ£o Paulo prÃ³ximo engenheiro Goulart,1 star,0.6171502470970154
50G0kIty7Cg,Subscribedâ¤,5 stars,0.30857783555984497
50G0kIty7Cg,ĞºÑ‚Ğ¾ ÑÑ‚Ğ¾,5 stars,0.3275185823440552
50G0kIty7Cg,Fuiste a la pelea de Canelo Ãlvarez,1 star,0.4775576591491699
50G0kIty7Cg,Ø§Ø±ÙŠØ¯ ØªØ­Ø¯ÙŠ Ù…Ø³ØªØ± Ø¨ÙŠØ³ Ø¨Ù…Ø³Ø§Ø¨Ù‚Ø© ÙˆØ§ÙƒÙŠØ¯ Ø§Ù†Ø§ Ø§Ù„ÙØ§Ø¦Ø²,5 stars,0.4990644156932831
50G0kIty7Cg,â€œI also want such an opportunity.â€,5 stars,0.6662318706512451
50G0kIty7Cg,ğŸ’•love mrbeast,5 stars,0.32693880796432495
50G0kIty7Cg,â¤â¤â¤,5 stars,0.30857783555984497
50G0kIty7Cg,nous qui sommes en Afrique meme si on est abonne on va rien avoir,1 star,0.3464515209197998
50G0kIty7Cg,Indian â¤â¤,5 stars,0.3684524595737457
50G0kIty7Cg,Hai Mai galengğŸ˜¢sabakraib yuo,5 stars,0.24670632183551788
50G0kIty7Cg,Haâ¤â¤,5 stars,0.30857783555984497
50G0kIty7Cg,ğŸ™ğŸ™ğŸ‡§ğŸ‡©ğŸ‡§ğŸ‡©ğŸ‡§ğŸ‡©,5 stars,0.30857783555984497
50G0kIty7Cg,Hello MRBEAST,5 stars,0.40728065371513367
50G0kIty7Cg,â¤ï¸,5 stars,0.30857783555984497
50G0kIty7Cg,Nigeria fan ğŸ˜…ğŸ˜¢,5 stars,0.32181304693222046
50G0kIty7Cg,Julitte ğŸ’µğŸ“€ que estÃ¡ muy a gusto de spider-man jkjhjhh lo amo veo todos tus videos Los amo,5 stars,0.41801565885543823
50G0kIty7Cg,yo si estoy sucritaâ¤â¤â¤â¤dame mi dinero porfa,1 star,0.6131765842437744
50G0kIty7Cg,Ğ¯ Ğ¶Ğ¸Ğ²Ñƒ Ğ² Ğ¢Ğ°Ğ´Ğ¶Ğ¸ĞºĞ¸ÑÑ‚Ğ°Ğ½Ğµ Ğ½Ğ° Ğ²ÑÑĞºĞ¸Ğ¹ ÑĞ»ÑƒÑ‡Ğ°Ğ¹ Ñ‚Ğ¾Ğ¶Ğµ Ğ¿Ğ¾Ğ´Ğ¿Ğ¸ÑĞ°Ğ»Ğ°ÑÑŒ ğŸ˜‚ğŸ˜‚ğŸ˜‚,5 stars,0.33643677830696106
50G0kIty7Cg,wow,5 stars,0.6995609998703003
50G0kIty7Cg,Love you  sir,5 stars,0.8496107459068298
50G0kIty7Cg,Isubscribe you 5years with allphone for house,5 stars,0.37469449639320374
50G0kIty7Cg,Itâ€™s contentâ€¦.ğŸ˜…,4 stars,0.4088405668735504
50G0kIty7Cg,I subscribed you,5 stars,0.3727416396141052
50G0kIty7Cg,ğŸ‰ğŸ‰ğŸ‰,5 stars,0.30857783555984497
50G0kIty7Cg,â¤ï¸,5 stars,0.30857783555984497
50G0kIty7Cg,â¤â¤ğŸ‡§ğŸ‡©ğŸ‡§ğŸ‡©ğŸ‡§ğŸ‡©ğŸ‡§ğŸ‡©,5 stars,0.30857783555984497
50G0kIty7Cg,Now inglis me spanish,3 stars,0.28169316053390503
50G0kIty7Cg,Yes sorry I am from poland,1 star,0.5381239056587219
50G0kIty7Cg,Ø§ØªÙ…Ù†Ù‰ Ø±ÙˆØ§ÙŠØªÙƒ ÙˆØ¬Ù‡ Ù„ÙˆØ¬Ù‡ Ù‡Ù„ ÙŠÙ…ÙƒÙ†Ùƒ Ø§Ù„Ù…Ø¬ÙŠ Ø§Ù„Ù‰ ğŸ‡¾ğŸ‡ª,3 stars,0.27751800417900085
50G0kIty7Cg,â¤â¤â¤â¤â¤â¤â¤â¤â¤â¤â¤,5 stars,0.30857783555984497
50G0kIty7Cg,â¤,5 stars,0.30857783555984497
50G0kIty7Cg,Ø§Ø³ØªÙØ³Ø§Ø± Ø§â¤â¤â¤â¤Ù„Ù„Ù‡,4 stars,0.38523533940315247
50G0kIty7Cg,I won 10k dollar ğŸ‰,1 star,0.534149169921875
50G0kIty7Cg,ğŸ˜‚,5 stars,0.30857783555984497
50G0kIty7Cg,â¤â¤ğŸ˜‚,5 stars,0.30857783555984497
50G0kIty7Cg,â¤â¤â¤,5 stars,0.30857783555984497
50G0kIty7Cg,"""Of course I am"" crazy confidenceğŸ˜…",1 star,0.3075062334537506
50G0kIty7Cg,I am your all videos watch â¤,5 stars,0.7165231108665466
50G0kIty7Cg,â¤â¤â¤â¤,5 stars,0.30857783555984497
50G0kIty7Cg,â¤â¤â¤,5 stars,0.30857783555984497
50G0kIty7Cg,â¤â¤â¤ğŸ’‹ğŸ’‹ğŸ’‹ğŸ’‹ğŸ’‹,5 stars,0.30857783555984497
50G0kIty7Cg,â¤â¤ğŸ«‚,5 stars,0.30857783555984497
50G0kIty7Cg,â¤â¤â¤,5 stars,0.30857783555984497
50G0kIty7Cg,Momâ€™s are great!,5 stars,0.7959471344947815
50G0kIty7Cg,I need money,1 star,0.2828243672847748
50G0kIty7Cg,ğŸ‡µğŸ‡¾ğŸ‡µğŸ‡¾ğŸ‡µğŸ‡¾ğŸ‡µğŸ‡¾ğŸ‡µğŸ‡¾ğŸ‡µğŸ‡¾,5 stars,0.30857783555984497
50G0kIty7Cg,Me old subscriber ğŸ¸ğŸ™‚,5 stars,0.2781388461589813
50G0kIty7Cg,Ğ¯ Ğ¿Ğ¾Ğ´Ğ¿Ğ¸ÑĞ°Ğ½ Ğ³Ğ´Ğµ Ğ¼Ğ¾Ğ¸ Ğ´ĞµÑÑÑ‚ÑŒ ÑˆÑ‚ÑƒĞºğŸ˜‰,5 stars,0.3824998140335083
50G0kIty7Cg,ğŸ˜¢ğŸ˜¢,5 stars,0.30857783555984497
50G0kIty7Cg,Mister bisth io non sono iscritta ma comunque io ti adoro mi puoi salutare,5 stars,0.45500344038009644
50G0kIty7Cg,"Big fan Brother 
From Bangladesh.",5 stars,0.6819558143615723
50G0kIty7Cg,1000 bhej dijiye,1 star,0.3027351498603821
50G0kIty7Cg,Nice,4 stars,0.43684086203575134
50G0kIty7Cg,freeeeee,3 stars,0.2663290798664093
50G0kIty7Cg,Ù…Ø¨ÛŒÙ†Ø§ Ø®Ø¯Ø§ Ø¨Ù†Ø¯Ù‡,5 stars,0.5123919248580933
50G0kIty7Cg,Ğ¼Ğ¸ÑÑ‚Ğ°Ñ€ Ğ±Ğ¸ÑÑ‚ Ñ Ğ¿Ğ¾Ğ´Ğ¿Ğ¸ÑĞ°Ğ½,5 stars,0.23549026250839233
50G0kIty7Cg,I Love you â¤,5 stars,0.8701997399330139
50G0kIty7Cg,I Love you â¤,5 stars,0.8701997399330139
50G0kIty7Cg,Ğ£Ñ€Ğ° Ğ¼Ğ¸ÑÑ‚ĞµÑ€ Ğ±Ğ¸ÑÑ‚ Ñ Ğ½Ğ° Ñ‚ĞµĞ±Ñ Ğ¿Ğ¾Ğ´Ğ¿Ğ¸ÑĞ°Ğ½ ÑƒĞ¶Ğµ 2 Ğ³Ğ¾Ğ´Ğ° Ğ½Ğ°Ğ·Ğ°Ğ´,5 stars,0.33803102374076843
50G0kIty7Cg,Ajm polisi,3 stars,0.2631114721298218
50G0kIty7Cg,Ù…Ø¨ÛŒÙ†Ø§ Ø®Ø¯Ø§Ø¨Ù†Ø¯Ù‡,5 stars,0.5208176374435425
50G0kIty7Cg,I'm aur subscriber â¤â¤â¤â¤â¤â¤â¤,5 stars,0.3801279067993164
50G0kIty7Cg,Aloo khaya?,2 stars,0.30324721336364746
50G0kIty7Cg,ğŸ˜¯,5 stars,0.30857783555984497
50G0kIty7Cg,â¤ï¸â€ğŸ©¹,5 stars,0.30857783555984497
50G0kIty7Cg,5kğŸ˜‚ğŸ˜‚ğŸ˜¢ğŸ˜¢,5 stars,0.30857783555984497
50G0kIty7Cg,she has a bit of an issue but I think it will be the same time as it was â¤â¤â¤â¤â¤ she was the best person to,4 stars,0.5305455923080444
50G0kIty7Cg,Yes,5 stars,0.37907874584198
4l97aNza_Zc,I noticed some comments asking how they take their clothes off when they shower. We put buttons on the sides of the shirts so they can just rip them off without taking off the handcuffs haha,3 stars,0.3755064606666565
4l97aNza_Zc,AhÃ­ viene y vuelven a terminar tres aÃ±os jajsjsjajajaj,5 stars,0.30490103363990784
4l97aNza_Zc,9:42 Did I see LUNCHLY?!ğŸ’€,1 star,0.2840869128704071
4l97aNza_Zc,I wish she was with me in this challenge ğŸ™‚,4 stars,0.34717652201652527
4l97aNza_Zc,Bro just strait brings a couple back together,1 star,0.23811186850070953
4l97aNza_Zc,SAYA INGIN HADIAHğŸ‰,5 stars,0.5891173481941223
4l97aNza_Zc,Do,3 stars,0.24496345221996307
4l97aNza_Zc,Df,3 stars,0.2601209878921509
4l97aNza_Zc,make your own ice cream plsss,5 stars,0.48284316062927246
4l97aNza_Zc,Mrbeast come to america plsss ğŸ™ğŸ™ğŸ˜¢,5 stars,0.41002538800239563
4l97aNza_Zc,Toma ğŸ˜‚ğŸ˜‚ğŸ˜‚ğŸ˜‚ğŸ˜‚ğŸ˜‚,5 stars,0.41012996435165405
4l97aNza_Zc,â¤ï¸â¤ï¸,5 stars,0.30857783555984497
4l97aNza_Zc,Ğ¡Ğ¿Ğ°ÑĞ¸Ğ±Ğ¾ Ğ·Ğ° Ğ²Ğ¸Ğ´ĞµĞ¾! Ğ£ Ğ¼ĞµĞ½Ñ ÑĞµĞ¹Ñ‡Ğ°Ñ Ñ‚ÑĞ¶ĞµĞ»Ñ‹Ğ¹ Ğ¿ĞµÑ€Ğ¸Ğ¾Ğ´ Ğ² Ğ¶Ğ¸Ğ·Ğ½Ğ¸ Ğ¸ Ğ±Ğ»Ğ°Ğ³Ğ¾Ğ´Ğ°Ñ€Ñ ÑÑ‚Ğ¾Ğ¼Ñƒ Ğ²Ğ¸Ğ´ĞµĞ¾ Ğ¼Ğ½Ğµ ÑƒĞ´Ğ°Ğ»Ğ¾ÑÑŒ Ñ…Ğ¾Ñ‚ÑŒ Ğ½Ğ° Ğ¼Ğ³Ğ½Ğ¾Ğ²ĞµĞ½Ğ¸Ğµ Ğ¾Ñ‚Ğ²Ğ»ĞµÑ‡ÑŒÑÑ. Ğ ÑÑ‚Ğ° Ğ²ÑÑ Ñ€Ğ¾Ğ¼Ğ°Ğ½Ñ‚Ğ¸ĞºĞ° Ğ¸ Ğ²Ğ¾Ğ²ÑĞµ Ñ€Ğ°ÑÑ‚Ğ¾Ğ¿Ğ¸Ğ»Ğ° Ğ¼Ğ¾Ñ‘ ÑĞµÑ€Ğ´Ñ†Ğµ. ĞÑ‡ĞµĞ½ÑŒ Ñ‚Ñ€Ğ¾Ğ³Ğ°Ñ‚ĞµĞ»ÑŒĞ½Ğ¾. ĞĞ°Ğ´ĞµÑÑÑŒ Ñƒ Ğ½Ğ¸Ñ… Ğ²ÑÑ‘ Ğ¿Ğ¾Ğ»ÑƒÑ‡Ğ¸Ñ‚ÑÑ,5 stars,0.8667826652526855
4l97aNza_Zc,Absolute cinemağŸ‘,5 stars,0.8246796131134033
4l97aNza_Zc,Pliz help,5 stars,0.275879442691803
4l97aNza_Zc,29:60 xddd,1 star,0.27455779910087585
4l97aNza_Zc,Can I be in a video I've really want to be in a challenge,5 stars,0.2599599361419678
4l97aNza_Zc,pls i wanna be in one,5 stars,0.3286493420600891
4l97aNza_Zc,Yo pasarÃ­a 5 aÃ±os solo si tuviera la oportunidad de pedir lo que sea,1 star,0.3894239664077759
4l97aNza_Zc,Ãœcretsiz yapardÄ±m,5 stars,0.5607829689979553
4l97aNza_Zc,That was beautiful.,3 stars,0.27676063776016235
4l97aNza_Zc,ğŸ‘‡ğŸ»Taken team,5 stars,0.35317787528038025
4l97aNza_Zc,Ya,5 stars,0.30321004986763
4l97aNza_Zc,"How to join your challenge, sir?",5 stars,0.39062798023223877
4l97aNza_Zc,me having a disease and i cant drink the choclite milk :( and i really want to drink it to :(,1 star,0.31520459055900574
4l97aNza_Zc,Just mind blowing videoâ¤â¤â¤,1 star,0.34502938389778137
4l97aNza_Zc,"Me cayÃ³ mal su ex ğŸ˜­ se la paso molestandola desde el inicio y luego empezÃ³ a decir cosas como ""siento que dramatiza todo""",2 stars,0.49984610080718994
4l97aNza_Zc,The ending is so cuteeğŸ¥¹,3 stars,0.4261046350002289
4l97aNza_Zc,Wow mrbeast this is hilarious ğŸ˜‚ actually trying to bring them together again but this time with money,5 stars,0.7621013522148132
4l97aNza_Zc,abi beni de eski sevgilimle aynÄ± plandan yapar mÄ±sÄ±n,5 stars,0.5079891681671143
4l97aNza_Zc,EyÅŸannnn,1 star,0.285356342792511
4l97aNza_Zc,36:57 ğŸ˜«ğŸ˜©ğŸ˜©,4 stars,0.22297795116901398
4l97aNza_Zc,Genuinly the best romcom I have ever seen,5 stars,0.957400381565094
4l97aNza_Zc,Balarke  sent me hearğŸ˜‚,3 stars,0.2530342936515808
4l97aNza_Zc,3000 carğŸ˜‚â¤,3 stars,0.22997713088989258
4l97aNza_Zc,Mon ex et moi on est partant mÃªme pour un anğŸ¤£ğŸ¤£ğŸ¤£,5 stars,0.3857598900794983
4l97aNza_Zc,OLA MRBEAST EU SOU SEUVAM E SOU DO BRASIL E SOU ESQUITO E SEMPRE VEXO SEUS VIDEOS,5 stars,0.45973852276802063
4l97aNza_Zc,à¦¹à§à¦¯à¦¾à¦²à§‹ à¦¬à¦¾à¦™à¦¾à¦²à¦¿!  ğŸ˜‰,5 stars,0.36443713307380676
4l97aNza_Zc,ABSOLUTE CINEMA,5 stars,0.6334453821182251
4l97aNza_Zc,Es bonito ver cÃ³mo se aman pero es triste cuando termina el vÃ­deo y recordar que no tengo pareja,3 stars,0.5489502549171448
4l97aNza_Zc,on mnie tu grilluje!,5 stars,0.5482548475265503
4l97aNza_Zc,"It's nice to watch the video but when it ends, remembering that I don't have a partner is sad.",3 stars,0.5400791168212891
4l97aNza_Zc,Aww so cute,5 stars,0.4479305148124695
4l97aNza_Zc,Tutorial on how to bring back a couple who separated 3 years ago?,4 stars,0.3272632956504822
4l97aNza_Zc,ØµÙ„ÙŠ Ø¹Ù„ÙŠ Ø§Ù„Ù†Ø¨ÙŠ â¤ğŸ˜Šâ¤,5 stars,0.506604790687561
4l97aNza_Zc,"Wooow,que padre,nunca habÃ­a visto a MÃ­ster beats.   Gracias,lo disfrutÃ© al mÃ¡ximo!!",5 stars,0.7462283372879028
4l97aNza_Zc,hahaha,1 star,0.2434743046760559
4l97aNza_Zc,Susie and Josh,4 stars,0.3434450924396515
4l97aNza_Zc,Yes,5 stars,0.37907874584198
4l97aNza_Zc,Omg this is sÃ³ cheerfulğŸ‰,5 stars,0.2467968761920929
4l97aNza_Zc,They'll just make up. LolğŸ˜‚,3 stars,0.32858994603157043
4l97aNza_Zc,MÃªme en congo il y des festbelstğŸ˜®,1 star,0.24231164157390594
4l97aNza_Zc,I want to do a challenge,4 stars,0.34318259358406067
4l97aNza_Zc,Bhiya ye challenge merko do ager pura ni kiya to bolna,3 stars,0.2361454963684082
4l97aNza_Zc,NO no,1 star,0.6248806715011597
4l97aNza_Zc,Bros the next cupid ğŸ˜‚,5 stars,0.5396943092346191
4l97aNza_Zc,they're literally so cute,5 stars,0.6002727746963501
4l97aNza_Zc,I guess money buys happiness ğŸ¤­,5 stars,0.30440154671669006
4l97aNza_Zc,20:54,1 star,0.2650946378707886
4l97aNza_Zc,ğŸ‘ğŸ‘ğŸ‘,5 stars,0.30857783555984497
4l97aNza_Zc,You are great you got a cuple back together,5 stars,0.748710036277771
4l97aNza_Zc,Soo happy for them!!! Atleast someone got love of their lives back.,5 stars,0.6741206645965576
4l97aNza_Zc,DeÄŸil 200bin dolar 200 milyar dolar verseler de olmaz artÄ±k bro,1 star,0.6897801160812378
4l97aNza_Zc,19:53 Ryan Trahan Joyrides ğŸ˜¢,5 stars,0.3544146716594696
4l97aNza_Zc,eu realmente achei que ele faria aquilo,5 stars,0.48202866315841675
4l97aNza_Zc,ğŸ¤¥ğŸ¤£ğŸ¤£,5 stars,0.30857783555984497
4l97aNza_Zc,Challengeeeeeeeâ¤â¤ğŸ‘,5 stars,0.30857783555984497
4l97aNza_Zc,the best video of all,5 stars,0.9732548594474792
4l97aNza_Zc,Uma assistÃªncia nÃ­vel kevin de bruyne,5 stars,0.43400636315345764
4l97aNza_Zc,â¤â¤ğŸ˜‚,5 stars,0.30857783555984497
4l97aNza_Zc,HaÃ¯ti ğŸ‡­ğŸ‡¹ ğŸ‡­ğŸ‡¹ğŸ‡­ğŸ‡¹ğŸ‡­ğŸ‡¹ğŸ‡­ğŸ‡¹ğŸ‡­ğŸ‡¹ğŸ‡­ğŸ‡¹ğŸ‡­ğŸ‡¹ğŸ‡­ğŸ‡¹ğŸ‡­ğŸ‡¹ğŸ‡­ğŸ‡¹ğŸ‡­ğŸ‡¹,5 stars,0.29757794737815857
4l97aNza_Zc,ÙˆÙŠÙ† Ø§Ù„Ø¹Ø±Ø¨,5 stars,0.3183954358100891
4l97aNza_Zc,ABSOLUTE CINEMA âœ‹ğŸ½ğŸ«¡âœ‹ğŸ½,5 stars,0.695685625076294
4l97aNza_Zc,Every great story has a great ending,5 stars,0.6800119876861572
4l97aNza_Zc,Ø£Ù†Ø§ Ù…Ù† Ù…ØµØ± ÙˆØ¹Ø§ÙˆØ² Ø£Ø¬Ø±Ø¨ ÙÙŠØ³ØªØ¨Ù„Ø³,1 star,0.4215162396430969
4l97aNza_Zc,Mrbeast > Cupid,5 stars,0.26648247241973877
4l97aNza_Zc,:c ğŸ™,3 stars,0.297288179397583
4l97aNza_Zc,Wow.  Yes. Ai. Yio. Lol.  Gud,5 stars,0.432912141084671
4l97aNza_Zc,Is it just me or did he have 436 subs yesterday?â¤,1 star,0.32442763447761536
4l97aNza_Zc,Alguien abla espaÃ±ol,1 star,0.5923177003860474
4l97aNza_Zc,ğŸ˜¢Ù„Ø§Ù„Ø§Ù„Ø§ğŸ˜¢,5 stars,0.30857783555984497
4l97aNza_Zc,This video is the bestâ¤â¤â¤â¤â¤â¤â¤â¤â¤â¤â¤l love ur videos sooo much,5 stars,0.7149837017059326
4l97aNza_Zc,Bestest best love in reality â¤â¤â¤,5 stars,0.8657689094543457
4l97aNza_Zc,Mi in.,3 stars,0.23988130688667297
4l97aNza_Zc,Why ğŸ˜…,1 star,0.28615260124206543
4l97aNza_Zc,TÃ¼rk varmÄ±ğŸ‡¹ğŸ‡·ğŸ‡¹ğŸ‡·ğŸ˜ƒ,5 stars,0.31355375051498413
4l97aNza_Zc,Geiles Video zum GlÃ¼ck mit deutscher Ãœbersetzung,5 stars,0.7024382948875427
4l97aNza_Zc,Mayan James,1 star,0.23606838285923004
4l97aNza_Zc,still watching,4 stars,0.3056778013706207
4l97aNza_Zc,â¤,5 stars,0.30857783555984497
4l97aNza_Zc,Las gomitas las voy a probar cuando llegue a la USA ğŸ‡ºğŸ‡¸ ğŸ˜‹ğŸ˜‹ğŸ˜‹ğŸ‡­ğŸ‡³ğŸ¥°,3 stars,0.26275643706321716
4l97aNza_Zc,Yo lo hacia gratis,1 star,0.2619665265083313
4l97aNza_Zc,Bana sadece izlemek dÃ¼ÅŸÃ¼yor  ğŸ˜¢ğŸ˜¢,1 star,0.5264057517051697
4l97aNza_Zc,Mt beast filming bigboss ğŸ˜‚ğŸ˜‚ğŸ˜‚ probably indian viewers would understand,3 stars,0.2505559027194977
4l97aNza_Zc,ğŸ‡§ğŸ‡©ğŸ‡§ğŸ‡©ğŸ‡§ğŸ‡©,5 stars,0.30857783555984497
4l97aNza_Zc,"ğŸ˜Š





J",5 stars,0.30709803104400635
4l97aNza_Zc,Create download nhi ho rha,5 stars,0.320419579744339
4l97aNza_Zc,Bangladesh,3 stars,0.25186723470687866
4l97aNza_Zc,learn 1 months trading plan.,5 stars,0.2569827139377594
4l97aNza_Zc,ğŸ‰ğŸ‰ğŸ‰,5 stars,0.30857783555984497
3ih2bPKSWsQ,should i be scared of what speed is planning? ğŸ˜…,3 stars,0.28456372022628784
3ih2bPKSWsQ,W speed â¤,5 stars,0.5218731760978699
3ih2bPKSWsQ,W speed,5 stars,0.43943479657173157
3ih2bPKSWsQ,W speed,5 stars,0.43943479657173157
3ih2bPKSWsQ,ğŸ˜‚,5 stars,0.30857783555984497
3ih2bPKSWsQ,FREE PALISTINE,4 stars,0.3289089500904083
3ih2bPKSWsQ,ğŸ˜‚,5 stars,0.30857783555984497
3ih2bPKSWsQ,First 5k,5 stars,0.3265618681907654
3ih2bPKSWsQ,Poor speed,2 stars,0.4671820104122162
3ih2bPKSWsQ,tbag,3 stars,0.25878196954727173
3ih2bPKSWsQ,Oh no,1 star,0.4815358519554138
3ih2bPKSWsQ,ğŸ˜‚ğŸ˜‚ğŸ˜‚ğŸ˜‚ğŸ˜‚,5 stars,0.30857783555984497
3ih2bPKSWsQ,â¤ï¸,5 stars,0.30857783555984497
3ih2bPKSWsQ,ğŸ˜‚,5 stars,0.30857783555984497
3ih2bPKSWsQ,Atleast he didn't cry,1 star,0.30437952280044556
3ih2bPKSWsQ,ğŸ‰Ø´ÙŠÙƒÙˆÙ„Ø§ØªÙ‡,5 stars,0.30857783555984497
3ih2bPKSWsQ,"ğŸ¤£ the most hilarious thing about Speed in this video is the way he reacted when the police said ""you are under arrest!"" also the way he barkedğŸ¤£ğŸ¤£ğŸ˜…ğŸ˜†",5 stars,0.5307193994522095
3ih2bPKSWsQ,Ø§Ù„Ø³Ù„Ø§Ù… Ø¹Ù„ÛŒÚ©Ù… ÙˆØ±Ø­Ù…Ûƒ Ø§Ù„Ù„Û ÙˆØ¨Ø±Ú©Ø§ØªÛ Ø¨Ú¾Ø§Ø¦ÛŒ Ø¬Ø§Ù† Ú©ÛŒØ§ Ø­Ø§Ù„ ÛÛ’ Ø¨Ú¾Ø§Ø¦ÛŒ Ú©ÙˆØ¦ÛŒ Ù…ÛŒØ±ÛŒ Ø±ÛÙ†Ù…Ø§Ø¦ÛŒ Ú©Ø±Ù†Û’â¤â¤â¤,5 stars,0.3909543454647064
3ih2bPKSWsQ,â¤â¤â¤,5 stars,0.30857783555984497
3ih2bPKSWsQ,â¤ï¸â¤â¤,5 stars,0.30857783555984497
3ih2bPKSWsQ,ìŠ¤í”¼ë“œ ì„±ìš° ã…ˆã„´ì•ˆì–´ìš¸ë ¤ì„œ ì›ƒê¸°ë‹¤ ã…‹ã…‹ã…‹ã…‹ã…‹ã…‹ã…‹ã…‹ã…‹,1 star,0.24797038733959198
3ih2bPKSWsQ,The combğŸ˜‚,5 stars,0.38701096177101135
3ih2bPKSWsQ,Ù…Ø¨ÛŒÙ†Ø§ Ø®Ø¯Ø§ Ø¨Ù†Ø¯Ù‡,5 stars,0.5123919248580933
3ih2bPKSWsQ,ğŸ«°ğŸ«°ğŸ«°ğŸ«°ğŸ«°ğŸ«°ğŸ«°,5 stars,0.30857783555984497
3ih2bPKSWsQ,Yoo this is crazyğŸ˜‚,5 stars,0.5271792411804199
3ih2bPKSWsQ,A,4 stars,0.31870728731155396
3ih2bPKSWsQ,â¤â¤â¤â¤â¤â¤â¤ğŸ‰ğŸ‰ğŸ‰ğŸ‰ğŸ‰ğŸ‰ğŸ‰,5 stars,0.30857783555984497
3ih2bPKSWsQ,Oi vim espalhar o evangelho e que Deus abenÃ§oe vocÃªs,5 stars,0.3130522668361664
3ih2bPKSWsQ,â¤ï¸,5 stars,0.30857783555984497
3ih2bPKSWsQ,@mrbeast new video kab aayega,5 stars,0.36643674969673157
3ih2bPKSWsQ,â¤ï¸,5 stars,0.30857783555984497
3ih2bPKSWsQ,WayğŸ˜¢,5 stars,0.30857783555984497
3ih2bPKSWsQ,ğŸ˜‚ğŸ˜‚ğŸ˜‚ğŸ˜‚,5 stars,0.30857783555984497
3ih2bPKSWsQ,w speedâ¤ï¸,5 stars,0.39090439677238464
3ih2bPKSWsQ,HağŸ˜‚ğŸ˜‚ğŸ˜‚,5 stars,0.30857783555984497
3ih2bPKSWsQ,â¤ï¸,5 stars,0.30857783555984497
3ih2bPKSWsQ,ğŸ‡§ğŸ‡©ğŸ‡§ğŸ‡©ğŸ‡§ğŸ‡©ğŸ‡§ğŸ‡©ğŸ‡§ğŸ‡©â¤â¤â¤â¤â¤â¤â¤â¤ï¸ğŸ’•,5 stars,0.30857783555984497
3ih2bPKSWsQ,ğŸ‡§ğŸ‡©Bangladesh,5 stars,0.30857783555984497
3ih2bPKSWsQ,LOVE FROM BANGLADESH â¤ğŸ‡§ğŸ‡©ğŸ‡§ğŸ‡©ğŸ‡§ğŸ‡©â¤ï¸,5 stars,0.6176275610923767
3ih2bPKSWsQ,"à¦­à¦¾à¦‡à§Ÿà¦¾ à¦¬à¦¾à¦‚à¦²à¦¾à¦¦à§‡à¦¶ ğŸ‡§ğŸ‡©ğŸ‡§ğŸ‡©
à¦šà¦Ÿà§à¦Ÿà¦—à§à¦°à¦¾à¦® à¦œà§‡à¦²à¦¾ 
à¦¸à§€à¦¤à¦¾à¦•à§à¦£à§à¦¡ à¦‰à¦ªà¦œà§‡à¦²à¦¾ 
à¦­à¦¾à¦Ÿà¦¿à§Ÿà¦¾à¦°à§€ à¦‡à¦‰à¦¨à¦¿à§Ÿà¦¨ 
à§­ à¦¨à¦‚ à¦“à§Ÿà¦¾à¦°à§à¦¡ 
à¦¤à§à¦²à¦¾à¦¤à¦²à§€ à¦—à§à¦°à¦¾à¦®
à¦²à¦¾à¦² à¦®à¦¿à§Ÿà¦¾ à¦¸à¦¾à¦°à¦¾à¦‚ à¦¬à¦¾à§œà¦¿ à¦¥à§‡à¦•à§‡ 
â¤ï¸â¤ï¸ğŸ‡§ğŸ‡©ğŸ‡§ğŸ‡©â¤ï¸â¤ï¸ğŸ‡§ğŸ‡©ğŸ‡§ğŸ‡©",3 stars,0.26159578561782837
3ih2bPKSWsQ,â¤,5 stars,0.30857783555984497
3ih2bPKSWsQ,ğŸ˜‚ğŸ˜‚ğŸ˜‚,5 stars,0.30857783555984497
3ih2bPKSWsQ,Super ğŸ‰ğŸ˜¢,5 stars,0.7953522205352783
3ih2bPKSWsQ,Speed is funny ğŸ˜‚,5 stars,0.49640798568725586
3ih2bPKSWsQ,â¤â¤â¤â¤â¤ï¸,5 stars,0.30857783555984497
3ih2bPKSWsQ,â¤â¤â¤â¤â¤,5 stars,0.30857783555984497
3ih2bPKSWsQ,ğŸ˜‚,5 stars,0.30857783555984497
3ih2bPKSWsQ,â¤â¤â¤â¤â¤â¤â¤,5 stars,0.30857783555984497
3ih2bPKSWsQ,"TÃ¼rkler buraya
ğŸ‘‡",5 stars,0.2577027678489685
3ih2bPKSWsQ,â¤â¤,5 stars,0.30857783555984497
3ih2bPKSWsQ,à¦†à¦®à¦¿ à¦¨à¦¤à§à¦¨,5 stars,0.5928407311439514
3ih2bPKSWsQ,â¤â¤â¤â¤,5 stars,0.30857783555984497
3ih2bPKSWsQ,ğŸ˜‚,5 stars,0.30857783555984497
3ih2bPKSWsQ,ğŸ˜¢,5 stars,0.30857783555984497
3ih2bPKSWsQ,ğŸ˜…ğŸ˜…ğŸ˜…ğŸ˜…ğŸ˜¢ğŸ˜¢ğŸ˜¢ğŸ˜¢,5 stars,0.30857783555984497
3ih2bPKSWsQ,ğŸ˜®ğŸ˜®ğŸ˜®,5 stars,0.30857783555984497
3ih2bPKSWsQ,Nooo speed,1 star,0.3171239495277405
3ih2bPKSWsQ,à¸—à¸±à¸™,3 stars,0.2781239449977875
3ih2bPKSWsQ,ğŸ˜‚,5 stars,0.30857783555984497
3ih2bPKSWsQ,No Way Jose,1 star,0.561816930770874
3ih2bPKSWsQ,ğŸ˜‚l,5 stars,0.30857783555984497
3ih2bPKSWsQ,â¤â¤â¤â¤,5 stars,0.30857783555984497
3ih2bPKSWsQ,Stp peut tu m aidÃ© avec un petit d argent je suis un grand fans de tois et je te suit sul tout les rÃ©seaux ğŸ‰ğŸ‰ğŸ‰,5 stars,0.5434607267379761
3ih2bPKSWsQ,â¤ï¸,5 stars,0.30857783555984497
3ih2bPKSWsQ,Oh estÃ¡ bien el vÃ­deo te quiero ahora dame 1000000000000000000 dÃ³lares ğŸ—¿,5 stars,0.4301329553127289
3ih2bPKSWsQ,â¤,5 stars,0.30857783555984497
3ih2bPKSWsQ,I'm Bangladesh â¤â¤â¤â¤,1 star,0.3298068344593048
3ih2bPKSWsQ,ğŸ˜‚ğŸ˜…,5 stars,0.30857783555984497
3ih2bPKSWsQ,â¤â¤â¤â¤â¤â¤,5 stars,0.30857783555984497
3ih2bPKSWsQ,wow very interesting video,5 stars,0.6941994428634644
3ih2bPKSWsQ,ğŸ˜‚ğŸ˜‚ğŸ˜‚ğŸ˜‚,5 stars,0.30857783555984497
3ih2bPKSWsQ,Nice â¤ğŸ˜‚,5 stars,0.43827590346336365
3ih2bPKSWsQ,â¤â¤â¤â¤â¤â¤,5 stars,0.30857783555984497
3ih2bPKSWsQ,ğŸ˜‚,5 stars,0.30857783555984497
3ih2bPKSWsQ,39,3 stars,0.2610131502151489
3ih2bPKSWsQ,ãƒŸã‚¹ã‚¿ãƒ“ãƒ¼ã‚¹ãƒˆå¥½ãâ¤ï¸â¤ï¸â¤ï¸â¤ï¸,5 stars,0.5467000603675842
3ih2bPKSWsQ,Plz,3 stars,0.2318781167268753
3ih2bPKSWsQ,Plz,3 stars,0.2318781167268753
3ih2bPKSWsQ,ÙƒÙ„ Ø´ÙŠ ÙˆØ­Ø¯ Ø¨Ù‚Ù†Ø§Øª Ø¹Ø¯Ù†Ø§Ù† Ø£Ø¨Ùˆ Ø¹Ø¯ÙŠ Ø§Ù„Ùˆ 10 Ø¯Ø²Ù„Ø§ Ø±,5 stars,0.33469778299331665
3ih2bPKSWsQ,Wow,5 stars,0.6995609998703003
3ih2bPKSWsQ,å¤§å¥½ãâ¤,5 stars,0.664230465888977
3ih2bPKSWsQ,â¤ï¸ way wow,5 stars,0.6073455810546875
3ih2bPKSWsQ,ğŸ˜‚,5 stars,0.30857783555984497
3ih2bPKSWsQ,ğŸ˜‚,5 stars,0.30857783555984497
3ih2bPKSWsQ,Crazy title,5 stars,0.32529982924461365
3ih2bPKSWsQ,Wow nice â¤â¤ğŸ‘Œ,5 stars,0.6902928352355957
3ih2bPKSWsQ,why,1 star,0.2811063230037689
3ih2bPKSWsQ,â¤â¤â¤â¤â¤ kya hua hai,5 stars,0.29090991616249084
3ih2bPKSWsQ,Thanks for 6 subs,5 stars,0.48183074593544006
3ih2bPKSWsQ,â¤â¤â¤â¤â¤â¤,5 stars,0.30857783555984497
3ih2bPKSWsQ,Nice video ğŸ¤˜ğŸ¤˜ğŸ¤˜,4 stars,0.4444943368434906
3ih2bPKSWsQ,Niceâ¤,5 stars,0.30857783555984497
3ih2bPKSWsQ,ğŸ˜‚,5 stars,0.30857783555984497
3ih2bPKSWsQ,â¤â¤,5 stars,0.30857783555984497
3ih2bPKSWsQ,Asalu idi telugu lo ela vastundi,1 star,0.32875022292137146
3ih2bPKSWsQ,ã‚ªãƒªã‚¸ãƒŠãƒ«ã®éŸ³å£°ğŸ‘,4 stars,0.3011458218097687
3ih2bPKSWsQ,ğŸ‰ à¦…à¦¸à¦¾à¦§à¦¾à¦°à¦£ à¦¸à¦¬à¦•à¦¿à¦›à§ğŸ‰ğŸ‰ğŸ‡§ğŸ‡©ğŸ‡§ğŸ‡©ğŸ‡§ğŸ‡©,5 stars,0.7040714025497437
3ih2bPKSWsQ,Funny,5 stars,0.41383400559425354
3ih2bPKSWsQ,yoooğŸ˜Š,5 stars,0.30857783555984497
3ih2bPKSWsQ,ã…‹ã…‹ã…‹ã…‹,5 stars,0.30857783555984497
_AbFXuGDRTs,Which bunker would you want to live in the most?,5 stars,0.23502010107040405
_AbFXuGDRTs,Holaaaaa,1 star,0.3808049261569977
_AbFXuGDRTs,O de 30 MilhÃµes parece a casa dos Teletubbies ğŸ˜‚ğŸ˜‚,5 stars,0.2757398784160614
_AbFXuGDRTs,J'ai aussi vu ta vidÃ©o lÃ  oÃ¹ tu as vu Ronaldo et je rÃªve aussi de le voir Coronado mbappe et islands avec mon frÃ¨re Caouette qui aime alarmes et qui aime aussi toiğŸ‰,5 stars,0.551488995552063
_AbFXuGDRTs,Je rÃªve aussi d'aller dans un jet privÃ©,5 stars,0.510823130607605
_AbFXuGDRTs,Coucou mister beach moi je m'appelle Eden je suis fan de toi moi j'habite au Canada Trois-RiviÃ¨res tu es vraiment cool manga tu as trop d'argent les milliardaires de bientÃ´t tu vas devenir un grand prÃ©sident,5 stars,0.5859541296958923
_AbFXuGDRTs,Hlp me,3 stars,0.25314244627952576
_AbFXuGDRTs,The 30 million oneğŸ˜…,5 stars,0.3022906482219696
_AbFXuGDRTs,ğŸ”¥,5 stars,0.30857783555984497
_AbFXuGDRTs,OLA MRBEAST EU SOU SEU VAM E ASISTO SEUS VIDE E SOU BRASILEIRO E TIAMO MINOTA PORVAVO,1 star,0.2861156463623047
_AbFXuGDRTs,mrbeast voce fala portugues,1 star,0.4174288213253021
_AbFXuGDRTs,ã‚®ãƒ£ã‚°ã‚‚ã‚ã£ã¦ãŠã‚‚ã‚ã„ç¬‘ç¬‘,3 stars,0.25515031814575195
_AbFXuGDRTs,Ke indo aja mister best,5 stars,0.5496136546134949
_AbFXuGDRTs,MRBEAST I bought your plushie,5 stars,0.5781570076942444
_AbFXuGDRTs,Ø¹Ù„ÙŠ Ù…ÙˆÙ„Ø§ÙŠ,4 stars,0.3003534972667694
_AbFXuGDRTs,Prossima puntata ??? Presidente dâ€™America per un giorno ?!!ğŸ˜…ğŸ˜…,1 star,0.44991183280944824
_AbFXuGDRTs,â¤,5 stars,0.30857783555984497
_AbFXuGDRTs,à¸¡à¸µ UFO à¸¡à¸±à¹‰à¸¢ à¹„à¸¡à¹ˆà¸•à¸­à¸š à¸™à¸±à¹‰à¸™à¹à¸™à¹ˆ ğŸ‰ğŸ‰,3 stars,0.2507852613925934
_AbFXuGDRTs,Nice chalenge broğŸ‰â¤â¤,4 stars,0.453407883644104
_AbFXuGDRTs,Aidez moi sâ€™il vous plaÃ®t ğŸ¥º jâ€™en ai vraiment besoin,5 stars,0.5520877838134766
_AbFXuGDRTs,"34 ,aku tamat sma ,ada ijasanya ,pilingku kuat ,",2 stars,0.34989941120147705
_AbFXuGDRTs,"Berlian putih kalau ,di tempel arus listrik hidup.",1 star,0.2613236904144287
_AbFXuGDRTs,"Konten yang sangat menegangkan ,penu misteri ,para penonton akan ketagihan ,menurutku si konten asli ,tidai setingan ,sebab gimik mereka tidak di buat buat ,",1 star,0.3886326253414154
_AbFXuGDRTs,0:49  video ends,1 star,0.7145897150039673
_AbFXuGDRTs,-Awesome Vedio-,5 stars,0.7462196946144104
_AbFXuGDRTs,3:27,3 stars,0.37324124574661255
_AbFXuGDRTs,A Nolan no le gusto feastables ğŸ˜ ,1 star,0.47262123227119446
_AbFXuGDRTs,Video tháº­t thÃº vá»‹ ğŸ‰ğŸ‰ğŸ‰,1 star,0.2703140079975128
_AbFXuGDRTs,3:42 would definetly surviving a zombie apocalypse,3 stars,0.29993748664855957
_AbFXuGDRTs,What the heck?,1 star,0.2995181381702423
_AbFXuGDRTs,Insano,1 star,0.701055109500885
_AbFXuGDRTs,â¤â¤â¤,5 stars,0.30857783555984497
_AbFXuGDRTs,à¦«à§à¦°à¦¿à¦œà§‡ à¦ªà¦¾à¦¨à¦¿ à¦°à¦¾à¦–à¦²à§‡ à¦¯à§‡à¦®à¦¨ à¦ à¦¾à¦¨à§à¦¡à¦¾ à¦¹à¦¯à¦¼à§‡ à¦¯à¦¾à¦¯à¦¼ à¦¤à§‡à¦®à¦¨à¦¿ à¦ªà¦¬à¦¿à¦¤à§à¦° à¦•à§‹à¦°à¦†à¦¨ à¦¬à§à¦•à§‡ à¦°à¦¾à¦–à¦²à§‡ à¦•à¦²à¦¿à¦œà¦¾ à¦ à¦¾à¦¨à§à¦¡à¦¾ à¦¹à¦¯à¦¼à§‡ à¦¯à¦¾à¦¯à¦¼  à¦†à¦²à¦¹à¦¾à¦®à¦¦à§à¦²à¦¿à¦²à§à¦²à¦¾à¦¹ â¤,1 star,0.3752574324607849
_AbFXuGDRTs,Merciiiâ¤,5 stars,0.30857783555984497
_AbFXuGDRTs,â¤â¤,5 stars,0.30857783555984497
_AbFXuGDRTs,Mrbeast is a brand,5 stars,0.3164732754230499
_AbFXuGDRTs,NiceğŸ˜Š,5 stars,0.30857783555984497
_AbFXuGDRTs,BIG FAN IS HEREğŸ¥³ğŸ¥³ğŸ™ŒğŸ»ğŸ¤šğŸ»ğŸŠğŸ‰,5 stars,0.6032174825668335
_AbFXuGDRTs,#teamtimwalz #teamkamalaharris #teamwalz,1 star,0.2823013663291931
_AbFXuGDRTs,Only you are enjoying video is not enjoying,2 stars,0.38492777943611145
_AbFXuGDRTs,Why are you don't see anything we see only rooms,1 star,0.4645344614982605
_AbFXuGDRTs,"â¤â¤â¤â¤â¤
ğŸ‰ğŸ‰",5 stars,0.3428077697753906
_AbFXuGDRTs,ğŸ’™ğŸ’›,5 stars,0.30857783555984497
_AbFXuGDRTs,"In indian rupees 100crore dollar is 88,26,46,00,000 ğŸ˜…ğŸ˜®ğŸ˜®",1 star,0.4720112085342407
_AbFXuGDRTs,Video again with Ronaldo,5 stars,0.3812203109264374
_AbFXuGDRTs,,4 stars,0.2846148908138275
_AbFXuGDRTs,Love you mrbest,5 stars,0.8563610315322876
_AbFXuGDRTs,You are the greatest man I have ever seen,5 stars,0.9647613763809204
_AbFXuGDRTs,they did a challenge in one of these before lol,4 stars,0.3327399492263794
_AbFXuGDRTs,No I dont,1 star,0.4150550961494446
_AbFXuGDRTs,Iam your big fun,5 stars,0.6367353200912476
_AbFXuGDRTs,@Maddykhoso,1 star,0.23549401760101318
_AbFXuGDRTs,Cheyenne Mountain la base de sartgate sg1 ğŸ˜,5 stars,0.4776618778705597
_AbFXuGDRTs,Thank for 149 subscriber,1 star,0.3971652090549469
_AbFXuGDRTs,no joke this underground bunkers are the coolest things ever,5 stars,0.9347338080406189
_AbFXuGDRTs,6:43 â¤â¤â¤â¤â¤â¤ğŸ˜…ğŸ˜…ğŸ˜…ğŸ˜…ğŸ˜…ğŸ˜…ğŸ˜…ğŸ˜…ğŸ˜…ğŸ˜…ğŸ‰ğŸ‰ğŸ‰,5 stars,0.2309337705373764
_AbFXuGDRTs,i have watch almost your all vedioes,5 stars,0.4074762761592865
_AbFXuGDRTs,"i request you to come on pakistan 
oh i have question for you why feast ables is not in pakistan",1 star,0.6337957978248596
_AbFXuGDRTs,Subscriber â¤â¤â¤,5 stars,0.2750883102416992
_AbFXuGDRTs,Wow,5 stars,0.6995609998703003
_AbFXuGDRTs,SGC inside,4 stars,0.2563466727733612
_AbFXuGDRTs,à¦†à¦®à¦¿ à¦¬à¦¾à¦‚à¦²à¦¾à¦¦à§‡à¦¶ à¦¥à§‡à¦•à§‡ à¦¬à¦²à¦›à¦¿,5 stars,0.24533189833164215
_AbFXuGDRTs,Who is Indian,1 star,0.3018060624599457
_AbFXuGDRTs,Tarik,3 stars,0.23787309229373932
_AbFXuGDRTs,'',3 stars,0.2508389353752136
_AbFXuGDRTs,â¤â¤â¤â¤â¤â¤,5 stars,0.30857783555984497
_AbFXuGDRTs,Itâ€™s been a long time since I have not watched beasts vids,5 stars,0.24789927899837494
_AbFXuGDRTs,10 karor ma 8 sefarr0 hoteğŸ˜¢ha,1 star,0.36306965351104736
_AbFXuGDRTs,I m ready to you challenged,5 stars,0.498272567987442
_AbFXuGDRTs,ĞÑ…Ñ€ĞµĞ½ĞµÑ‚ÑŒ. Ğ¡Ğ¾Ğ±ÑÑ‚Ğ²ĞµĞ½Ğ½Ñ‹Ğ¹ Ğ±ÑƒĞ½ĞºĞµÑ€ ğŸ˜Š,5 stars,0.6428450345993042
_AbFXuGDRTs,Khub sundor,3 stars,0.2701026201248169
_AbFXuGDRTs,â¤â¤â¤,5 stars,0.30857783555984497
_AbFXuGDRTs,â¤ï¸â¤ï¸â¤ï¸â¤ï¸â¤ï¸,5 stars,0.30857783555984497
_AbFXuGDRTs,Radhe radhe,2 stars,0.33083969354629517
_AbFXuGDRTs,Jai shree raam,1 star,0.3196827173233032
_AbFXuGDRTs,Por 50mil dÃ³lares me quedarÃ­a 6 meses en cualquier de los bunkers excepto el primero,1 star,0.6126121878623962
_AbFXuGDRTs,â¤ï¸â€ğŸ”¥â¤ï¸â€ğŸ”¥â¤ï¸â€ğŸ”¥,5 stars,0.30857783555984497
_AbFXuGDRTs,ØµÙ„ÛŒ Ø§Ù„Ù„Ù‘Ù°Û Ø¹Ù„ÛŒÛ ÙˆØ¢Ù„ÙÙ‡ ÙˆØ³Ù„Ù… ğŸŒ¸,5 stars,0.6058523654937744
_AbFXuGDRTs,35amiraka,3 stars,0.27365222573280334
_AbFXuGDRTs,35binyonâ¤â¤â¤,5 stars,0.30857783555984497
_AbFXuGDRTs,A beautiful video.ğŸ‰ğŸ‰ğŸ‰ğŸ‰ğŸ‰ğŸ‰ğŸ‰ğŸ‰ğŸ‰ğŸ‰â¤â¤â¤â¤,5 stars,0.7869254350662231
_AbFXuGDRTs,Kya baat hai,1 star,0.3676147162914276
_AbFXuGDRTs,In vite me to do a challenge,5 stars,0.4302339255809784
_AbFXuGDRTs,Ø¨ØªÙ…Ù†Ù‰ Ù…Ø³Ø§Ø¹Ø¯Ù‡ Ù…Ù† Ù…Ø³ØªØ± Ø¨ÙŠØ³Øª,4 stars,0.33368152379989624
_AbFXuGDRTs,ğŸ˜®ğŸ˜®ğŸ˜®ğŸ˜®ğŸ˜®ğŸ˜®,5 stars,0.30857783555984497
_AbFXuGDRTs,Why is it's Turkish dubbed for me?,1 star,0.45504871010780334
_AbFXuGDRTs,OVNIğŸ˜®ğŸ˜®ğŸ˜®,5 stars,0.30857783555984497
_AbFXuGDRTs,Les falto el bunquer de la casa  de fede vigevani,2 stars,0.37458211183547974
_AbFXuGDRTs,Ryan airbandb,5 stars,0.3169810473918915
_AbFXuGDRTs,Yea,3 stars,0.2773667275905609
_AbFXuGDRTs,But where is the Stargate ğŸ˜‚,3 stars,0.3330931067466736
_AbFXuGDRTs,This is the place where Ryan wenttttt,5 stars,0.4266306757926941
_AbFXuGDRTs,à¦¸à§à¦¨à§à¦¦à¦°,5 stars,0.5211338996887207
_AbFXuGDRTs,9b,3 stars,0.25996384024620056
_AbFXuGDRTs,0:26 bro ğŸ˜‚,1 star,0.4791708290576935
_AbFXuGDRTs,COMO KE ESTADOS UNIDOS VESTIA E COMO KE EEUU I LATAM GUEY?????ğŸ˜¡ğŸ˜¡ğŸ˜¡ğŸ˜¡ğŸ˜¡ğŸ˜¡ğŸ˜¡ğŸ˜¡ğŸ˜¡ğŸ˜¡ğŸ˜¡ğŸ˜¡ğŸ˜¡,1 star,0.5207008123397827
_AbFXuGDRTs,ğŸ‡ºğŸ‡²ğŸ©´,5 stars,0.30857783555984497
_AbFXuGDRTs,He needs to put me in one of these,3 stars,0.33379384875297546
_AbFXuGDRTs,2:03,2 stars,0.26031187176704407
_AbFXuGDRTs,â¤â¤â¤â¤â¤â¤â¤â¤,5 stars,0.30857783555984497
TDv56whosPQ,Btw feel free to take clips from this video (or any of our videos) and make Tik Tok/shorts/reels out of them! Love seeing fan edits of moments in our videos,5 stars,0.619067370891571
TDv56whosPQ,2:15 6 7ğŸ¥­ğŸ¥­ğŸ¥­,1 star,0.2550254166126251
TDv56whosPQ,2:16 67,3 stars,0.21730177104473114
TDv56whosPQ,67!!!!!!!!!!!!,1 star,0.5877414345741272
TDv56whosPQ,2:15 67!!!!,1 star,0.5563963651657104
TDv56whosPQ,â¤,5 stars,0.30857783555984497
TDv56whosPQ,67?,1 star,0.312788724899292
TDv56whosPQ,à¦…à¦¨à§‡à¦• à¦¸à§à¦¨à§à¦¦à¦° à¦“à¦¯à¦¼à¦¾à¦“ à¦¨à¦¾à¦‡à¦š à¦¬à¦¾à¦‚à¦²à¦¾à¦¦à§‡à¦¶à¦° à¦¬à¦¨à§à¦§,5 stars,0.32861584424972534
TDv56whosPQ,Ø§Ù„Ù„Ù‡ Ø§ÙƒØ¨Ø±,5 stars,0.6326079368591309
TDv56whosPQ,â¤â¤ğŸ˜‚,5 stars,0.30857783555984497
TDv56whosPQ,å¾ˆæ„Ÿå‹•   å¸Œæœ›äººä¸–é–“æ°¸ä¿çœŸå–„ç¾,5 stars,0.6631905436515808
TDv56whosPQ,Honestly Ian carried hard,2 stars,0.27500125765800476
TDv56whosPQ,Omg,3 stars,0.2883588969707489
TDv56whosPQ,â¬›â¬›â¬›â¬›,5 stars,0.30857783555984497
TDv56whosPQ,ğŸ’™ğŸ’›,5 stars,0.30857783555984497
TDv56whosPQ,Inggris semuağŸ˜­ğŸ˜­,3 stars,0.2666891813278198
TDv56whosPQ,Holl bro,5 stars,0.2793259620666504
TDv56whosPQ,2:15 6 or 7,3 stars,0.2835116386413574
TDv56whosPQ,67,3 stars,0.2678527235984802
TDv56whosPQ,2:17 Iâ€™m not trying to be corny but 67ğŸ˜‚,3 stars,0.2871103584766388
TDv56whosPQ,2:16 WHAT?,2 stars,0.3348238468170166
TDv56whosPQ,Are there any vistables in Iraq Baghdad?,1 star,0.43111830949783325
TDv56whosPQ,2:17 s-s-six seven,5 stars,0.3446137607097626
TDv56whosPQ,2:14  6â€™7,3 stars,0.23257742822170258
TDv56whosPQ,@mrbeast Brother Kannada Auto Dubbe option is not available ğŸ˜³,1 star,0.4631962776184082
TDv56whosPQ,this video is so great! i love it,5 stars,0.9293040037155151
TDv56whosPQ,A beautiful video.â¤â¤â¤â¤ğŸ‰ğŸ‰ğŸ‰ğŸ‰ğŸ‰ğŸ‰ğŸ‰ğŸ‰ğŸ‰ğŸ‰ğŸ‰ğŸ‰ğŸ‰,5 stars,0.7869254350662231
TDv56whosPQ,67,3 stars,0.2678527235984802
TDv56whosPQ,6 or 7??ğŸ˜Š,1 star,0.32065409421920776
TDv56whosPQ,i love this episode,5 stars,0.8876734375953674
TDv56whosPQ,I saw it on the iPodğŸ˜®,3 stars,0.2475803643465042
TDv56whosPQ,2:10 did you say 67?,1 star,0.40667152404785156
TDv56whosPQ,v,5 stars,0.349192351102829
TDv56whosPQ,67 AM,4 stars,0.24842506647109985
TDv56whosPQ,2:17 6 7,5 stars,0.22787387669086456
TDv56whosPQ,2:17 67?,2 stars,0.3274558484554291
TDv56whosPQ,pasenlo a peru en un Tambo o Oxxo,1 star,0.6272544264793396
TDv56whosPQ,"2:16 

6777",5 stars,0.25035974383354187
TDv56whosPQ,2:16 67,3 stars,0.21730177104473114
TDv56whosPQ,How did they get the key in the rock???,1 star,0.3445011079311371
TDv56whosPQ,pourquoi tu viens pas faire tes dÃ©fis en Afrique (cÃ´te d'ivoire),1 star,0.4429411292076111
TDv56whosPQ,Lol,3 stars,0.25069501996040344
TDv56whosPQ,"2:15
67ğŸ˜­",1 star,0.26773688197135925
TDv56whosPQ,ë§ˆì§€ë§‰ì— ë²„íŠ¼ëˆ„ë¥´ê³  ë‚˜ê°€ì„œ ì ˆë°˜ ì£¼ë©´ë˜ì–ì•„ ë­í•˜ëŸ¬ ê¸°ë‹¤ë¦¼,1 star,0.31038716435432434
TDv56whosPQ,Me gustarÃ­a participar en uno de tus videos,4 stars,0.4124879539012909
TDv56whosPQ,How do you get to to be apart of these challenges,5 stars,0.4371509253978729
TDv56whosPQ,2:19 HA SAID 6 7,1 star,0.30288687348365784
TDv56whosPQ,2:17 6777,3 stars,0.2321072816848755
TDv56whosPQ,bhai Kotha chilo bhai ğŸ‡§ğŸ‡©ğŸ™,3 stars,0.23564863204956055
TDv56whosPQ,Ğ² Ñ‚Ğ°ĞºĞ¾Ğ¹ Ñ‚ÑÑ€ÑŒĞ¼Ğµ Ğ¼Ğ¾Ğ¶Ğ½Ğ¾ ÑƒÑÑ‚Ñ€Ğ¾Ğ¸Ñ‚ÑŒ Ğ²ĞµÑ‡ĞµÑ€Ğ¸Ğ½ĞºÑƒ Ğ´Ğ»Ñ Ğ¾Ğ´Ğ½Ğ¾ĞºĞ»Ğ°ÑÑĞ½Ğ¸ĞºĞ¾Ğ² Ñ€ĞµĞ±ÑÑ‚ ,5 stars,0.40319550037384033
TDv56whosPQ,la wea wena csm !,5 stars,0.3367023169994354
TDv56whosPQ,à¦ªà§ƒà¦¥à¦¿à¦¬à§€à¦° à¦®à¦§à§à¦¯à§‡ à¦†à¦ªà¦¨à¦¾à¦•à§‡ à¦®à¦¨à§‡ à¦•à§‹à¦°à¦²à¦¾à¦® à¦†à¦ªà¦¨à¦¿ à¦›à¦¾à¦°à¦¾ à¦²à¦¾à¦‡à¦ª à¦¬à¦¦à¦²à¦¾à¦¤à§‡ à¦ªà¦¾à¦°à¦¬à§‹ à¦¨à¦¾à¥¤ à¦à¦•à¦Ÿà¦¾ à¦—à¦°à¦¿à¦¬ à¦›à§‡à¦²à§‡à¦•à§‡ à¦šà§‡à¦²à§‡à¦à§à¦œ à¦¦à¦¿à§Ÿà§‡ à¦•à¦¿à¦›à§ à¦Ÿà¦¾à¦•à¦¾ à¦¦à¦¿à¦¤à§‡ à¦ªà¦¾à¦°à¦¬à§‡à¦¨ à¦†à¦®à¦¾à¦•à§‡ à¦¨à¦¿à§Ÿà§‡ à¦¯à§‡à¦¤à§‡ à¦ªà¦¾à¦°à¦¬à§‡à¦¨ à¦†à¦®à¦¿ à¦¸à§à¦§à§ à¦†à¦®à¦¿ à¦†à¦®à¦¿ à¦†à¦° à¦«à§à¦¯à§‡à¦®à§‡à¦²à§€à¦° à¦œà¦¨à§à¦¯ à¦¬à§‹à¦²à¦›à¦¿à¥¤ à¦«à§à¦¯à§‡à¦®à§‡à¦²à§€ à¦¨à¦¿à§Ÿà§‡ à¦†à¦ªà¦¨à¦¾à¦•à§‡ à¦à¦•à¦Ÿà¦¾ à¦—à§‹à¦ªà¦¨ à¦•à¦¥à¦¾ à¦œà¦¾à¦¨à¦¾à¦¬à§‹à¥¤ğŸ˜¢ğŸ™ğŸ™ğŸ™,1 star,0.265139102935791
TDv56whosPQ,6.. or 7 am ğŸ¥¹,1 star,0.30420222878456116
TDv56whosPQ,Bohut achhi video haiâ¤â¤,1 star,0.39592617750167847
TDv56whosPQ,Mrs beast me doa 1kk ğŸ‰,1 star,0.401260107755661
TDv56whosPQ,67 2:31,1 star,0.23885780572891235
TDv56whosPQ,Nice one,5 stars,0.492014080286026
TDv56whosPQ,Assalamu Alaikum  bro vai â¤â¤â¤â¤,3 stars,0.28316250443458557
TDv56whosPQ,ĞœĞ¸ÑÑ‚ĞµÑ€ Ğ±Ğ¸ÑÑ‚ Ğ¿Ñ€Ğ¸ĞµĞ´ÑŒ Ğ² Ğ Ğ¾ÑÑĞ¸Ñ Ğ¸ Ğ¿Ñ€Ğ¸Ğ²ĞµĞ·Ğ¸ Ñ„Ğ¸ÑÑ‚ĞµĞ±Ñ‹Ğ»Ñ,1 star,0.3029736876487732
TDv56whosPQ,I'm Angola ğŸ‡¦ğŸ‡´,3 stars,0.22985878586769104
TDv56whosPQ,0:2 ff,1 star,0.4792039394378662
TDv56whosPQ,Feastables gave me the runs asap,5 stars,0.3365555703639984
TDv56whosPQ,LOVE from NEPALâ¤ï¸â¤ï¸â¤ï¸ğŸ‡³ğŸ‡µğŸ‡³ğŸ‡µğŸ‡³ğŸ‡µğŸ™ğŸ™ğŸ™,5 stars,0.6149855256080627
TDv56whosPQ,Who is single ğŸ˜‚,1 star,0.2734675109386444
TDv56whosPQ,à¤®à¤¿à¤¸à¥à¤Ÿà¤° à¤¬à¤¿à¤·à¥à¤Ÿ à¤¸à¤° à¤®à¥ˆ à¤†à¤ª à¤•à¤¾ à¤¬à¤¿à¤— à¤«à¥ˆà¤¨ à¤¹à¥‚ à¤®à¥ˆ à¤‡à¤‚à¤¡à¤¿à¤¯à¤¾ à¤¸à¥‡ à¤¹à¥‚ à¤¸à¤° à¤®à¥à¤à¥‡ à¤†à¤ª à¤•à¥‡ à¤°à¤¿à¤ªà¥à¤²à¤¾à¤ˆ à¤•à¤¾ à¤‡à¤‚à¤¤à¤œà¤¾à¤° à¤°à¤¹à¥‡ à¤—à¤¾ ğŸ˜¢ğŸ˜¢,5 stars,0.3003077507019043
TDv56whosPQ,ë¯¸ìŠ¤íŠ¸ë¹„ìŠ¤íŠ¸ì²˜ëŸ¼ ë¶€ìë˜ê³ ì‹¶ë‹¤...ã… ã… ğŸ˜¢,4 stars,0.302792489528656
TDv56whosPQ,"The videos are getting more & more insane, bat we lowe it ğŸ’¥",1 star,0.43032220005989075
TDv56whosPQ,à¤†à¤ªà¤•à¤¾ à¤¯à¤¹ à¤µà¥€à¤¡à¤¿à¤¯à¥‹ à¤¬à¤¹à¥à¤¤ à¤¹à¥€ à¤¯à¥‚à¤¨à¤¿à¤• à¤¹à¥ˆ,5 stars,0.24650083482265472
TDv56whosPQ,Your video is so amazing,5 stars,0.8528715968132019
TDv56whosPQ,"ĞšĞ°Ğ¼ĞµĞ½ÑŒ ÑĞºĞ»ĞµĞµĞ½Ñ‹Ğ¹, Ğ¿Ğ¾ÑÑ‚Ğ°Ğ½Ğ¾Ğ²Ğ°",1 star,0.36969661712646484
TDv56whosPQ,à¤†à¤–à¤¿à¤° à¤¯à¥‡ à¤šà¤¾à¤­à¥€  à¤ªà¤¤à¥à¤¥à¤° à¤•à¥‡ à¤…à¤‚à¤¦à¤° à¤—à¤¯à¤¾  à¤•à¥ˆà¤¸à¥‡ ğŸ˜®ğŸ¤”ğŸ¤”,1 star,0.33636167645454407
TDv56whosPQ,Indonesia,5 stars,0.28927725553512573
TDv56whosPQ,Whatâ€™s going on with jimiâ€™s smile?,1 star,0.2695333957672119
TDv56whosPQ,â¤â¤â¤â¤â¤â¤â¤â¤â¤â¤â¤â¤â¤â¤â¤â¤â¤â¤â¤â¤â¤â¤â¤â¤â¤â¤,5 stars,0.30857783555984497
TDv56whosPQ,à¦†à¦®à¦¾à¦° à¦ªà¦°à¦¿à¦¬à¦¾à¦°à§‡à¦° à¦¸à¦•à¦² à¦¸à¦¦à¦¸à§à¦¯ à¦†à¦ªà¦¨à¦¾à¦° à¦­à¦¿à¦¡à¦¿à¦“à¦° à¦ªà¦¾à¦—à¦²â¤â¤â¤â¤â¤â¤â¤â¤,5 stars,0.5024752616882324
TDv56whosPQ,à¸ªà¸™à¸¸à¸à¸¡à¸²à¸à¹†à¹€à¸¥à¸¢à¸„à¸£à¸±à¸šà¸œà¸¡à¸­à¸¢à¸²à¸à¹„à¸›à¹€à¸¥à¹ˆà¸™à¸šà¹‰à¸²à¸‡à¸ˆà¸±à¸‡ğŸ˜ŠğŸ˜ŠğŸ˜Š,5 stars,0.30857783555984497
TDv56whosPQ,RÃ©novÃ© ma chambre ğŸ˜¢ğŸ˜­ğŸ˜­ğŸ˜­ğŸ˜­ğŸ˜­ğŸ˜­ s'il te plaÃ®t,3 stars,0.2942422330379486
TDv56whosPQ,https://youtu.be/m1SygWKDppU?si=Cn143UTGY0bba50u,1 star,0.2448011040687561
TDv56whosPQ,Big fan Rwandan ğŸ‡·ğŸ‡¼,5 stars,0.4504467248916626
TDv56whosPQ,I need challenge am from Rwanda ğŸ‡·ğŸ‡¼,5 stars,0.350551038980484
TDv56whosPQ,â¤â¤â¤â¤â¤,5 stars,0.30857783555984497
TDv56whosPQ,Deon hvat a vidio,5 stars,0.37783336639404297
TDv56whosPQ,2:17 67!!!,1 star,0.4894339442253113
TDv56whosPQ,Tung tung tung sahur,3 stars,0.24657152593135834
TDv56whosPQ,Angola ğŸ‡¦ğŸ‡´,4 stars,0.25018998980522156
TDv56whosPQ,å¤©å•Š...æ‰é—œ100å¤©ç´„3å€‹æœˆ..å°±å¯ä»¥æ‹¿åˆ°å°å¹£ç´„1500è¬....ä¹Ÿå¤ªå¥½è³ºäº†å§..~~~,1 star,0.48285555839538574
TDv56whosPQ,Man & their loyalty â¤,5 stars,0.6359044909477234
TDv56whosPQ,â¤â¤â¤â¤â¤,5 stars,0.30857783555984497
TDv56whosPQ,Do a challenge where someone has to quit smoking,4 stars,0.3964114189147949
TDv56whosPQ,I need money :(,1 star,0.2559490203857422
TDv56whosPQ,à¹à¸¥à¹‰à¸§à¸—à¸³à¹„à¸¡à¹„à¸¡à¹ˆà¹ƒà¸«à¹‰à¸­à¸µà¸à¸„à¸™à¸­à¹ˆà¸²à¸™à¹ƒà¸«à¹‰à¸Ÿà¸±à¸‡,5 stars,0.30857783555984497
TDv56whosPQ,Ami Apna friend ğŸ‡§ğŸ‡©ğŸ‡§ğŸ‡©â¤â¤,5 stars,0.4664614796638489
TDv56whosPQ,â¤â¤,5 stars,0.30857783555984497
TDv56whosPQ,Beautiful moment ğŸ‰ğŸ‰ğŸ‰,5 stars,0.7477525472640991
TDv56whosPQ,Yo quiero participar,5 stars,0.3984592854976654
TDv56whosPQ,Free Palestine ğŸ‡µğŸ‡¸,5 stars,0.3685777187347412
TDv56whosPQ,"ãƒ¡ã‚¬ãƒã‹ã‘ã¦ã‚‹æ–¹ã«
æ„Ÿå‹•ã—ãŸï¼é ‘å¼µã£ãŸã­âœ¨",5 stars,0.40608924627304077
TDv56whosPQ,Gio,5 stars,0.2995088994503021
TDv56whosPQ,Kalian dari Amerika ya aku dari Indonesia,1 star,0.48112043738365173
TDv56whosPQ,Make video when smokers need to survive 100+ days without smoking,5 stars,0.4018436074256897
