video_id,author,comment,like_count,published_at,texto_limpo,vader_compound,vader_label,bert_label_raw,bert_estrelas,bert_label
I2D7qofYsw4,@lbssouza,7:34 é porque muitos americanos não tem o costume de tomar água 😂,0,2025-11-26T21:41:30Z,é porque muitos americanos não tem o costume de tomar água 😂,0.4404,positivo,3 stars,3,neutro
I2D7qofYsw4,@claudiamariadossantos0,Cortar cupons😋✂️com a língua 👅 para fora 😂,0,2025-11-26T22:28:29Z,cortar cupons😋✂️com a língua 👅 para fora 😂,0.4404,positivo,1 star,1,negativo
I2D7qofYsw4,@BF_brokenflower,8:00 moça e AS FRALDAS?,0,2025-11-26T23:05:21Z,moça e as fraldas,0.0,neutro,3 stars,3,neutro
I2D7qofYsw4,@orlandosouza4415,Yakissoba e cup noodles: AAAAAAAAAAAAAA <3 😍😍😍😍😍,0,2025-11-26T23:00:54Z,yakissoba e cup noodles aaaaaaaaaaaaaa 😍😍😍😍😍,0.9325,positivo,5 stars,5,positivo
I2D7qofYsw4,@mii_ma1986,"Se a dispensa está lotada de suprimentos para meses, qual a necessidade de gastar com novos produtos? Isso chega a beira a compulsão ja",0,2025-11-26T22:32:54Z,se a dispensa está lotada de suprimentos para meses qual a necessidade de gastar com novos produtos isso chega a beira a compulsão ja,0.0,neutro,1 star,1,negativo
I2D7qofYsw4,@anafragamedeiros7136,"A segunda família tem obesidade, a irmã é diabética. A alimentação é muito precária.",0,2025-11-26T22:40:42Z,a segunda família tem obesidade a irmã é diabética a alimentação é muito precária,0.0,neutro,2 stars,2,negativo
I2D7qofYsw4,@ArianyC-j5w,"Gente, sem querer ser babaca... mas nao entendo esse povo q é doido por economizar, mas inventa de ter filhos🤡 ela ate q tem ""poucos"" mas tem umas cuponeiras com mais de cinco filhos, igual os mulquiranas 🤨",1,2025-11-26T22:12:29Z,gente sem querer ser babaca mas nao entendo esse povo q é doido por economizar mas inventa de ter filhos🤡 ela ate q tem poucos mas tem umas cuponeiras com mais de cinco filhos igual os mulquiranas 🤨,0.0,neutro,1 star,1,negativo
I2D7qofYsw4,@FabyStan007,Os impostos são  do valor total...400 e pouco...,0,2025-11-26T22:14:46Z,os impostos são do valor total e pouco,0.0,neutro,3 stars,3,neutro
I2D7qofYsw4,@anamp2989,Vambora 💃🏽❤️,0,2025-11-26T21:03:05Z,vambora 💃🏽❤️,0.0,neutro,3 stars,3,neutro
I2D7qofYsw4,@RafaellaRosie,"Olka volte a reagir a Bodycam por favor, gosto muito dessa série!",0,2025-11-26T21:04:37Z,olka volte a reagir a bodycam por favor gosto muito dessa série,0.4019,positivo,5 stars,5,positivo
I2D7qofYsw4,@orlandosouza4415,Será que ela deu algumas coisas pra amiga dela que ajudou?,0,2025-11-26T23:01:30Z,será que ela deu algumas coisas pra amiga dela que ajudou,0.0,neutro,3 stars,3,neutro
I2D7qofYsw4,@fortestrader,Olka ❤❤❤❤❤,0,2025-11-26T21:02:06Z,olka ❤❤❤❤❤,0.9719,positivo,5 stars,5,positivo
I2D7qofYsw4,@tropicalsecrets,❤❤❤❤❤❤❤❤❤,0,2025-11-26T21:01:24Z,❤❤❤❤❤❤❤❤❤,0.9911,positivo,5 stars,5,positivo
I2D7qofYsw4,@franco99-y4l,Desculpa o atraso de 2 mim😢,0,2025-11-26T21:02:58Z,desculpa o atraso de mim😢,-0.4767,negativo,5 stars,5,positivo
I2D7qofYsw4,@MichaSimoes,3 Minutos de atraso,0,2025-11-26T21:04:39Z,minutos de atraso,0.0,neutro,1 star,1,negativo
I2D7qofYsw4,@AnaluziaOliveira-l3y,Cheguei 😁,0,2025-11-26T21:30:47Z,cheguei 😁,0.4588,positivo,3 stars,3,neutro
RKTJReIzUgc,@NathaliaPrado4,Eu chorei com toda essa aleatoriedade e o diálogo todo na quinta série 🤣🤣🤣,4,2025-11-26T20:27:42Z,eu chorei com toda essa aleatoriedade e o diálogo todo na quinta série 🤣🤣🤣,0.8625,positivo,5 stars,5,positivo
RKTJReIzUgc,@rosaangelafernandes,Olkabone tem que admitir que foi muito hilário e seus comentários  são impagáveis.😂😂😂😂😂😂😂😂😂,32,2025-11-26T13:51:43Z,olkabone tem que admitir que foi muito hilário e seus comentários são impagáveis😂😂😂😂😂😂😂😂😂,0.9753,positivo,5 stars,5,positivo
RKTJReIzUgc,@wallacealexandrealvesdesou6675,O melhor de tudo isso é a dublagem deste Drama Fiscalizatório-Legislativo.,3,2025-11-26T20:59:52Z,o melhor de tudo isso é a dublagem deste drama fiscalizatóriolegislativo,0.0,neutro,5 stars,5,positivo
RKTJReIzUgc,@marcelomoura8655,"Pode crer. Trabalho com atendimento ao público e quanto mais insistente e mal educada a pessoa é, mais formal, curta, pausada, calma e lacônica é minha resposta. Funciona.",13,2025-11-26T16:11:03Z,pode crer trabalho com atendimento ao público e quanto mais insistente e mal educada a pessoa é mais formal curta pausada calma e lacônica é minha resposta funciona,0.0,neutro,3 stars,3,neutro
RKTJReIzUgc,@claudioreis7034,Só é o veado certo se tiver um marcador na cabeça do veado? Aí pode caçar? 😂😂😂😂,1,2025-11-26T21:09:51Z,só é o veado certo se tiver um marcador na cabeça do veado aí pode caçar 😂😂😂😂,0.891,positivo,3 stars,3,neutro
RKTJReIzUgc,@EduardoAlmeidaTheOne,nada como usar a primeira vara da infância e juventude para realizar um processo pedragógico para educar o combatente. A dor sempre é fantástica para levar a reflexão positiva sobre o comportamento inadequado,3,2025-11-26T16:17:26Z,nada como usar a primeira vara da infância e juventude para realizar um processo pedragógico para educar o combatente a dor sempre é fantástica para levar a reflexão positiva sobre o comportamento inadequado,0.0,neutro,5 stars,5,positivo
RKTJReIzUgc,@tuca-historias,"Curiosidade: Quem caça veado, é homofóbico?",33,2025-11-26T13:41:36Z,curiosidade quem caça veado é homofóbico,0.0,neutro,1 star,1,negativo
RKTJReIzUgc,@brenakecia8581,Ele tá careca de saber que deu ruim pra ele😂😂😂😂,4,2025-11-26T16:42:03Z,ele tá careca de saber que deu ruim pra ele😂😂😂😂,0.891,positivo,3 stars,3,neutro
RKTJReIzUgc,@JMJJMJ-r1x,Alguém mais reparou que é o Homer Simpson narrando?,1,2025-11-26T18:17:19Z,alguém mais reparou que é o homer simpson narrando,0.0,neutro,3 stars,3,neutro
RKTJReIzUgc,@WillianCAmo,"A arbitragem do clássico contra o Palmeiras, fez os caras perderem a cabeça",0,2025-11-26T22:14:15Z,a arbitragem do clássico contra o palmeiras fez os caras perderem a cabeça,0.0,neutro,1 star,1,negativo
RKTJReIzUgc,@o.gabrielkather,COITADO DO SÃO PAULINO,11,2025-11-26T13:38:14Z,coitado do são paulino,0.0,neutro,5 stars,5,positivo
RKTJReIzUgc,@kitschninja,Que sorrisinho de Labubu,0,2025-11-26T20:36:38Z,que sorrisinho de labubu,0.0,neutro,1 star,1,negativo
RKTJReIzUgc,@ANTONIOMARCOSGUIMARAESSANTOS,Acho mt bizarro fazer isso com os animais.  Maldade.,1,2025-11-26T18:17:04Z,acho mt bizarro fazer isso com os animais maldade,0.0,neutro,1 star,1,negativo
RKTJReIzUgc,@matomesmocodchora1439,Coitado do São Paulino caçado kkkk,0,2025-11-26T21:38:08Z,coitado do são paulino caçado kkkk,0.0,neutro,1 star,1,negativo
RKTJReIzUgc,@FabianaBrancoOliveira,"Que cruel, só pra ter pendurado na parede como relíquia, gente sem noção, mas não tem como não rir com esse comentarista barbudo ai do vídeo 😂😂😂😂😂",0,2025-11-26T18:50:55Z,que cruel só pra ter pendurado na parede como relíquia gente sem noção mas não tem como não rir com esse comentarista barbudo ai do vídeo 😂😂😂😂😂,0.8658,positivo,1 star,1,negativo
RKTJReIzUgc,@decioafonso2391,Eu já não vi esse vídeo????😂😂😂😂😂 Tá reciclando material Olka???,0,2025-11-26T17:05:08Z,eu já não vi esse vídeo😂😂😂😂😂 tá reciclando material olka,0.926,positivo,1 star,1,negativo
RKTJReIzUgc,@tiagodanieldantas,Ué dirigir embriagado não é crime?,2,2025-11-26T14:02:52Z,ué dirigir embriagado não é crime,-0.5423,negativo,1 star,1,negativo
RKTJReIzUgc,@claudiokarazu4483,Por isto que meu amigo não pode entrar com seu amigo íntimo dele!,0,2025-11-26T20:21:52Z,por isto que meu amigo não pode entrar com seu amigo íntimo dele,0.0,neutro,1 star,1,negativo
RKTJReIzUgc,@gabriel.antony3197,Liberaram um cara bêbado? 🤔🤔,0,2025-11-26T16:29:15Z,liberaram um cara bêbado 🤔🤔,0.0,neutro,1 star,1,negativo
RKTJReIzUgc,@JoaoFarias07,Então eu não posso entrar com o meu amigo nos EUA...,0,2025-11-26T17:59:29Z,então eu não posso entrar com o meu amigo nos eua,0.0,neutro,1 star,1,negativo
RKTJReIzUgc,@gecileneparnaiba-rm9zy,Tu 😂e mal mesmo 😅,0,2025-11-26T18:30:21Z,tu 😂e mal mesmo 😅,0.1531,positivo,1 star,1,negativo
RKTJReIzUgc,@regisxnaldochatodanet6638,"Moral, se for caçar o Olka, tem que ter a papelada certa.",0,2025-11-26T15:27:02Z,moral se for caçar o olka tem que ter a papelada certa,0.0,neutro,3 stars,3,neutro
RKTJReIzUgc,@nen506,Kkk kkk kkk,0,2025-11-26T18:06:23Z,kkk kkk kkk,0.0,neutro,3 stars,3,neutro
RKTJReIzUgc,@mangustoopressor9465,O bêbado aí parece o Mike máquina 😂.,0,2025-11-26T15:42:32Z,o bêbado aí parece o mike máquina 😂,0.4404,positivo,4 stars,4,positivo
RKTJReIzUgc,@danieledonascimentooliveir6442,Fala sério 😮😮😮,0,2025-11-26T17:29:17Z,fala sério 😮😮😮,0.0,neutro,5 stars,5,positivo
RKTJReIzUgc,@Mileunf,Ele assistiu muito Shika cervo san,2,2025-11-26T13:29:33Z,ele assistiu muito shika cervo san,0.0,neutro,5 stars,5,positivo
RKTJReIzUgc,@mildesigner3,Kkkkkkkkkk,0,2025-11-26T20:27:33Z,kkkkkkkkkk,0.0,neutro,3 stars,3,neutro
RKTJReIzUgc,@aurypaiva,Corinthianuuss é foda né.ate morto da trabalho..😅😅😅,5,2025-11-26T13:47:24Z,corinthianuuss é foda néate morto da trabalho😅😅😅,0.7579,positivo,1 star,1,negativo
RKTJReIzUgc,@Gush12,😹😹😹😹😹😹😹😹😹,0,2025-11-26T15:07:57Z,😹😹😹😹😹😹😹😹😹,0.9753,positivo,5 stars,5,positivo
XnNXrC-wZCc,@tildemnt,"Preciso de mais vezes por semana, não vivo sem",307,2025-11-25T15:05:00Z,preciso de mais vezes por semana não vivo sem,0.0,neutro,1 star,1,negativo
XnNXrC-wZCc,@carolineri3279,"Não precisa se explicar Olka, o mimizento que se incomoda com o seu jeito HUMANO de reagir é só não assistir. Já eu assisto por esse motivo, pela sua forma humana. 
Vamboraaaaaa",153,2025-11-25T16:39:24Z,não precisa se explicar olka o mimizento que se incomoda com o seu jeito humano de reagir é só não assistir já eu assisto por esse motivo pela sua forma humana vamboraaaaaa,0.0,neutro,1 star,1,negativo
XnNXrC-wZCc,@angelasouza7904,"Pronta p almoçar usando garfo, olhando pro Olka, olhando pro inimigo, com o prato olhando pra mim 🥳",188,2025-11-25T15:12:45Z,pronta p almoçar usando garfo olhando pro olka olhando pro inimigo com o prato olhando pra mim 🥳,0.3818,positivo,5 stars,5,positivo
XnNXrC-wZCc,@tolearnenglish3439,"7:56 Como a mãe não orientou a filha, a trancar a porta do banheiro toda vez que fosse usar, se nem conhecia bem os filhos do marido??
Depois 9:19 A mãe ainda deixa um muleque tomando conta dos filhos pra sair com o marido! A filha conta do susto que ele deu, e a mãe alivia a intensão dele.. só piora",52,2025-11-25T17:04:33Z,como a mãe não orientou a filha a trancar a porta do banheiro toda vez que fosse usar se nem conhecia bem os filhos do marido depois a mãe ainda deixa um muleque tomando conta dos filhos pra sair com o marido a filha conta do susto que ele deu e a mãe alivia a intensão dele só piora,0.0,neutro,2 stars,2,negativo
XnNXrC-wZCc,@LivesdoOlka,"Episódio pesado.
Bom almoço pra vocês ❤",183,2025-11-25T15:15:22Z,episódio pesado bom almoço pra vocês ❤,0.6369,positivo,4 stars,4,positivo
XnNXrC-wZCc,@amandagomes144,Estou no começo do episódio mas uma coisa que concordo muito é:Não se enfia goela a baixo o novo parceiro(a) aos filhos.Nao insista em dizer que tal pessoa agora é mãe/pai dos seus filhos pois isso não é verdade.Do nada uma pessoa estranha casa com seu pai e tenta a todo momento se passar pela sua mãe…,48,2025-11-25T17:04:05Z,estou no começo do episódio mas uma coisa que concordo muito énão se enfia goela a baixo o novo parceiroa aos filhosnao insista em dizer que tal pessoa agora é mãepai dos seus filhos pois isso não é verdadedo nada uma pessoa estranha casa com seu pai e tenta a todo momento se passar pela sua mãe…,-0.296,negativo,3 stars,3,neutro
XnNXrC-wZCc,@japodedesistir4322,"Sempre assisti a série com você e nunca tive gatilho... Hoje quando a menina foi contar pra mãe oq o meio irmão dela fazia e a mãe simplesmente desacreditou da menina, me deu um gatilho surreal, quando eu era mais nova fui tocada... e fui falar pro meu pai... ele simplesmente disse que eu estava inventando as coisas... eu tinha por volta de 5 a 6 anos... eu sinto que naquele dia um vínculo que eu tinha com meu pai foi quebrado...",74,2025-11-25T17:09:00Z,sempre assisti a série com você e nunca tive gatilho hoje quando a menina foi contar pra mãe oq o meio irmão dela fazia e a mãe simplesmente desacreditou da menina me deu um gatilho surreal quando eu era mais nova fui tocada e fui falar pro meu pai ele simplesmente disse que eu estava inventando as coisas eu tinha por volta de a anos eu sinto que naquele dia um vínculo que eu tinha com meu pai foi quebrado,0.0,neutro,5 stars,5,positivo
XnNXrC-wZCc,@ArteRelaxante,"O pior caso, é sempre o próximo. Já é horrível quando envolve adultos, mas, quando envolve a mort3 de crianças, me abala demais. Terrível saber que, ela foi torturada e vivia insegura dentro de sua própria casa e que quem deveria protegê-la, não acreditou na sua palavra. O que teria acontecido se eles ouvissem ela, quando ela sentiu confiança em contar o que ocorria na ausência dos pais? Deve ser o que ela se pergunta todos os dias... Que tristeza, ela vai carregar esse fardo pelo resto da vida e sei que nada vai confortar e nem trazer de volta o prazer de desfrutar dessa vida. 😢",27,2025-11-25T17:38:33Z,o pior caso é sempre o próximo já é horrível quando envolve adultos mas quando envolve a mort de crianças me abala demais terrível saber que ela foi torturada e vivia insegura dentro de sua própria casa e que quem deveria protegêla não acreditou na sua palavra o que teria acontecido se eles ouvissem ela quando ela sentiu confiança em contar o que ocorria na ausência dos pais deve ser o que ela se pergunta todos os dias que tristeza ela vai carregar esse fardo pelo resto da vida e sei que nada vai confortar e nem trazer de volta o prazer de desfrutar dessa vida 😢,-0.4767,negativo,1 star,1,negativo
XnNXrC-wZCc,@mariaeduardaribeiro3504,"Olka vamos colocar mais vezes na semana emmm, eu to sofrendo com essa demora kkkkkkk",125,2025-11-25T15:17:46Z,olka vamos colocar mais vezes na semana emmm eu to sofrendo com essa demora kkkkkkk,0.0,neutro,1 star,1,negativo
XnNXrC-wZCc,@jessicaalves760,"Quando eu tinha uns 4 anos meu irmão que tinha 11 me enrolou no tapete da sala, segurou e quando eu comecei a ficar sem ar, fui entrando em desespero, nao conseguia me mexer, gritava pedindo pra ele me soltar, mas só soltou quando minha mãe que estava fazendo comida chegou. Hoje eu tenho quase 29 anos e nao suporto nem ser abraçada de um jeito que eu nao consiga mexer os braços ou as pernas, eu fico sem ar e passo mal de verdade...",48,2025-11-25T17:42:57Z,quando eu tinha uns anos meu irmão que tinha me enrolou no tapete da sala segurou e quando eu comecei a ficar sem ar fui entrando em desespero nao conseguia me mexer gritava pedindo pra ele me soltar mas só soltou quando minha mãe que estava fazendo comida chegou hoje eu tenho quase anos e nao suporto nem ser abraçada de um jeito que eu nao consiga mexer os braços ou as pernas eu fico sem ar e passo mal de verdade,-0.296,negativo,1 star,1,negativo
XnNXrC-wZCc,@keythbordan4964,"O único arrependimento que esse ser tem, é o de ter sido pego.",38,2025-11-25T17:25:08Z,o único arrependimento que esse ser tem é o de ter sido pego,0.0,neutro,1 star,1,negativo
XnNXrC-wZCc,@caradebatata472,já não sei se o inimigo é o Jeff ou a mãe mala sem alça que não escuta a filha,38,2025-11-25T16:01:43Z,já não sei se o inimigo é o jeff ou a mãe mala sem alça que não escuta a filha,0.0,neutro,1 star,1,negativo
XnNXrC-wZCc,@pokah12345,"Olka, não tá dando vc demorar desse jeito pra soltar o vídeo, precisamos com frequência meu caro. Falando desse ""Vivendo com o inimigo"".. mas amo todos 😂",12,2025-11-25T22:19:11Z,olka não tá dando vc demorar desse jeito pra soltar o vídeo precisamos com frequência meu caro falando desse vivendo com o inimigo mas amo todos 😂,0.4404,positivo,1 star,1,negativo
XnNXrC-wZCc,@folkrafa,"O que mais me assusta em existir gente assim é que existe gente ainda mais covarde e com menos caráter, as pessoas que defendem. 
Tem gente na internet dedicada a dizer que não foi ele quem cometeu os crimes, gente que nem sabe quem é esse cara enquanto todo mundo que conhecia ele na época não duvida nem por um segundo que foi ele, todo mundo dizendo que ele agiu estranho na formatura, não quis se trocar em casa, tudo aponta pro cara.",1,2025-11-26T19:28:52Z,o que mais me assusta em existir gente assim é que existe gente ainda mais covarde e com menos caráter as pessoas que defendem tem gente na internet dedicada a dizer que não foi ele quem cometeu os crimes gente que nem sabe quem é esse cara enquanto todo mundo que conhecia ele na época não duvida nem por um segundo que foi ele todo mundo dizendo que ele agiu estranho na formatura não quis se trocar em casa tudo aponta pro cara,0.0,neutro,1 star,1,negativo
XnNXrC-wZCc,@trodrigues5466,Menos de 1 minuto de vídeo e o Olka: 🗣️eu vou surtar👍🏾,52,2025-11-25T15:10:16Z,menos de minuto de vídeo e o olka 🗣️eu vou surtar👍🏾,0.0,neutro,1 star,1,negativo
XnNXrC-wZCc,@deboramachado1632,"26:14 eu acho que ele estava obcecado por ela, e achou que se livrando dos pais, poderia ficar com ela, além de ser alguém terrível",3,2025-11-26T12:39:44Z,eu acho que ele estava obcecado por ela e achou que se livrando dos pais poderia ficar com ela além de ser alguém terrível,0.0,neutro,3 stars,3,neutro
XnNXrC-wZCc,@mirianandrade4834,"Eu adoro true crime, sigo vários canais e perfis. Mas seus vídeos reagindo a vivendo com o inimigo, são espetaculares. Muitíssimo obrigada ❤❤❤",9,2025-11-25T17:27:26Z,eu adoro true crime sigo vários canais e perfis mas seus vídeos reagindo a vivendo com o inimigo são espetaculares muitíssimo obrigada ❤❤❤,0.9169,positivo,5 stars,5,positivo
XnNXrC-wZCc,@JoyceSantos05,"Eu sou mãe, meu filho ainda é um bebê, mas pra mim é impensável ouvir do meu filho que ele sofreu algum abuso/dano de alguém, e eu invalida-lo completamente... como é possível ouvir uma reclamação de uma criança e não tentar pelo menos entender o que aconteceu???",8,2025-11-25T21:06:56Z,eu sou mãe meu filho ainda é um bebê mas pra mim é impensável ouvir do meu filho que ele sofreu algum abusodano de alguém e eu invalidalo completamente como é possível ouvir uma reclamação de uma criança e não tentar pelo menos entender o que aconteceu,0.0,neutro,1 star,1,negativo
XnNXrC-wZCc,@NandaaYafuya,"Fico revoltada em ver como essas mulheres não podem viver sem homem, te dana. Tudo seria diferente na vida das três filhas se a mãe não tivesse procurado viver com esse macho e priorizado viver só com suas filhas..isso fica de exemplo pra muitas mulheres que não sabe viver suas vidas sem homem 😢.",8,2025-11-26T00:23:57Z,fico revoltada em ver como essas mulheres não podem viver sem homem te dana tudo seria diferente na vida das três filhas se a mãe não tivesse procurado viver com esse macho e priorizado viver só com suas filhasisso fica de exemplo pra muitas mulheres que não sabe viver suas vidas sem homem 😢,-0.4767,negativo,1 star,1,negativo
XnNXrC-wZCc,@nederleyprado4015,"Essa história é muito triste mas o meio irmão dessa moça,  a maior vítima dessa situação, demonstrou todos os sinais de uma pessoa com transtorno de personalidade antissocial. Lamento que o pai do garoto não tenha percebido algo de muito estranho e tomado as devidas providências 😢",1,2025-11-26T16:03:38Z,essa história é muito triste mas o meio irmão dessa moça a maior vítima dessa situação demonstrou todos os sinais de uma pessoa com transtorno de personalidade antissocial lamento que o pai do garoto não tenha percebido algo de muito estranho e tomado as devidas providências 😢,-0.4767,negativo,1 star,1,negativo
XnNXrC-wZCc,@micesofti,"Como alguém que tem estresse pós traumático, sinto que a morte dele seria muito melhor mesmo; o que nos faz descansar é saber que não há nenhuma possibilidade de acontecer de novo",1,2025-11-26T18:44:33Z,como alguém que tem estresse pós traumático sinto que a morte dele seria muito melhor mesmo o que nos faz descansar é saber que não há nenhuma possibilidade de acontecer de novo,0.0,neutro,5 stars,5,positivo
XnNXrC-wZCc,@bossghost6200,"Olka tá treinando meu estômago a resistir ao vômito postando isso na hora do almoço.

Não tem jeito, o cara é streamer mesmo 💪🏼",17,2025-11-25T15:16:10Z,olka tá treinando meu estômago a resistir ao vômito postando isso na hora do almoço não tem jeito o cara é streamer mesmo 💪🏼,0.0,neutro,4 stars,4,positivo
XnNXrC-wZCc,@GabrielR8.8,"Nunca fui ouvido pelos meus pais. Meu irmão fazia toda merda e me culpava. Eu era punido.
Meu irmão e minha mãe armavam situações embaraçosas pra mim e riam, gargalhavam enquanto eu chorava.
EU dormia todo dia pensando, se isto é uma família eu nunca vou querer ter uma. Hoje tenho 37 anos. 
Não converso com meu irmão nem com minha mãe.
Não consegui ter uma família nem estabilidade.",2,2025-11-26T10:36:53Z,nunca fui ouvido pelos meus pais meu irmão fazia toda merda e me culpava eu era punido meu irmão e minha mãe armavam situações embaraçosas pra mim e riam gargalhavam enquanto eu chorava eu dormia todo dia pensando se isto é uma família eu nunca vou querer ter uma hoje tenho anos não converso com meu irmão nem com minha mãe não consegui ter uma família nem estabilidade,0.0,neutro,1 star,1,negativo
XnNXrC-wZCc,@AnaCarolina-hr1bx,"O caso desse menino me lembra o da Suzane.... parece os mesmos gatilhos.... Como as coisas não estavam acontecendo do jeito que ele queria, a solução dele foi acabar com quem estava impedindo....",13,2025-11-25T15:20:39Z,o caso desse menino me lembra o da suzane parece os mesmos gatilhos como as coisas não estavam acontecendo do jeito que ele queria a solução dele foi acabar com quem estava impedindo,0.0,neutro,2 stars,2,negativo
XnNXrC-wZCc,@Umzequejoga,"sou professor de muay thai e hoje em dia não se utiliza mais esses métodos pra calejar a canela isso vem com o tempo de treino agora não a necessidade de machucar os alunos, se não muitos desitem no processo",1,2025-11-26T10:28:21Z,sou professor de muay thai e hoje em dia não se utiliza mais esses métodos pra calejar a canela isso vem com o tempo de treino agora não a necessidade de machucar os alunos se não muitos desitem no processo,-0.296,negativo,3 stars,3,neutro
XnNXrC-wZCc,@caradebatata472,pior que eu fui pesquisar e vi no reddit que tem bastante gente que acredita que ele é inocente (por causa da investigação porca que a polícia fez na época)🤡,43,2025-11-25T16:25:54Z,pior que eu fui pesquisar e vi no reddit que tem bastante gente que acredita que ele é inocente por causa da investigação porca que a polícia fez na época🤡,-0.296,negativo,1 star,1,negativo
XnNXrC-wZCc,@Josielenatalia,Que escassez e essa de vivendo com o inimigo?😢a gente ama,16,2025-11-25T16:28:43Z,que escassez e essa de vivendo com o inimigo😢a gente ama,-0.4767,negativo,5 stars,5,positivo
XnNXrC-wZCc,@Karlarabelo1374,"Olka, assisto Vivendo com o inimigo desde a pandemia, porque minha mãe assistia na tv a cabo, e pronto: Viciei!"" Quando vi vc fazendo a reação pela primeira vez, o YouTube recomendou por conta do algoritmo, óbvio... Achei estranho, mas maratonei e te digo, vc humaniza as vítimas e não passa pano nos criminosos. Só falta começar terapia pra poder postar mais, porque o trem é pesado 😂",11,2025-11-25T17:18:44Z,olka assisto vivendo com o inimigo desde a pandemia porque minha mãe assistia na tv a cabo e pronto viciei quando vi vc fazendo a reação pela primeira vez o youtube recomendou por conta do algoritmo óbvio achei estranho mas maratonei e te digo vc humaniza as vítimas e não passa pano nos criminosos só falta começar terapia pra poder postar mais porque o trem é pesado 😂,0.4404,positivo,1 star,1,negativo
XnNXrC-wZCc,@alessandraagnis,"Essa moça é muito forte, pq diante de tudo que aconteceu ele escolheu lutar e sobreviver , pq viver plenamente ela não vive mais , mas pode ser apoio para pessoas que passaram por algo semelhante e não conseguiram ir adiante , eu sinceramente não conseguiria nem sobreviver com uma situação dessas , ela é guerreira, forte e batalhadora, sinto muito pela família dela , pelo esteio, pq família é nossa base , na maioria dos casos , então ele perdeu tudo em muito pouco tempo, primeiro foi a morte do pai, depois a mãe e as irmãs, eu sou contra essa coisa de casar de novo e exigir que os filhos chamem de pai ou mãe pessoas totalmente estranhas para nós, mas cada família com seus jeitos , triste fim dessa família e ela tá sendo muito forte , resistindo a tudo , que ese cara pegue uma pena de morte , eu sou a favor e sempre vou defender isso 😢",1,2025-11-26T01:30:34Z,essa moça é muito forte pq diante de tudo que aconteceu ele escolheu lutar e sobreviver pq viver plenamente ela não vive mais mas pode ser apoio para pessoas que passaram por algo semelhante e não conseguiram ir adiante eu sinceramente não conseguiria nem sobreviver com uma situação dessas ela é guerreira forte e batalhadora sinto muito pela família dela pelo esteio pq família é nossa base na maioria dos casos então ele perdeu tudo em muito pouco tempo primeiro foi a morte do pai depois a mãe e as irmãs eu sou contra essa coisa de casar de novo e exigir que os filhos chamem de pai ou mãe pessoas totalmente estranhas para nós mas cada família com seus jeitos triste fim dessa família e ela tá sendo muito forte resistindo a tudo que ese cara pegue uma pena de morte eu sou a favor e sempre vou defender isso 😢,-0.0,neutro,5 stars,5,positivo
XnNXrC-wZCc,@Abruxadarua7,Isto tudo começou com a violência do pai contra o filho e depois a mulher que chegou na vida da família é que pagou o pato.,7,2025-11-25T16:44:03Z,isto tudo começou com a violência do pai contra o filho e depois a mulher que chegou na vida da família é que pagou o pato,0.0,neutro,1 star,1,negativo
XnNXrC-wZCc,@AlineAnne25,"Que episodio traumatizante! Confesso que não teria tido a força que essa menina teve, tmb me fez pensar nas coisas bobas que a gente reclama.",2,2025-11-25T22:34:30Z,que episodio traumatizante confesso que não teria tido a força que essa menina teve tmb me fez pensar nas coisas bobas que a gente reclama,0.0,neutro,1 star,1,negativo
XnNXrC-wZCc,@shorinjisan,"6:50 na arte marcial chamamos isso de “Calejamento”.
Cria um calo no lugar que antes doía e perde-se a sensibilidade do local.",2,2025-11-25T19:03:48Z,na arte marcial chamamos isso de “calejamento” cria um calo no lugar que antes doía e perdese a sensibilidade do local,-0.296,negativo,1 star,1,negativo
XnNXrC-wZCc,@cibelemarinho9472,Essa história dói na alma 😢 o choro dela dói 😢😢😢😔a gente sente😑,8,2025-11-25T16:16:44Z,essa história dói na alma 😢 o choro dela dói 😢😢😢😔a gente sente😑,-0.9022,negativo,5 stars,5,positivo
XnNXrC-wZCc,@nemoemo8632,clts agradecem quando o vídeo sai bem na hora do almoço 🙌🙌🙌,23,2025-11-25T15:19:46Z,clts agradecem quando o vídeo sai bem na hora do almoço 🙌🙌🙌,0.0,neutro,4 stars,4,positivo
XnNXrC-wZCc,@EuMai_,Bate ponto dos clt no horário de almoço 🙏🏽✅,29,2025-11-25T15:08:32Z,bate ponto dos clt no horário de almoço 🙏🏽✅,-0.296,negativo,1 star,1,negativo
XnNXrC-wZCc,@terezacristina3953,"Posta mais vezes , não vivo sem e adoro ver vc reagindo vivendo cm inimigo.",3,2025-11-25T17:32:23Z,posta mais vezes não vivo sem e adoro ver vc reagindo vivendo cm inimigo,0.0,neutro,1 star,1,negativo
XnNXrC-wZCc,@MilenePereira,"Olka, posta mais vezes na semana",12,2025-11-25T15:16:47Z,olka posta mais vezes na semana,0.0,neutro,1 star,1,negativo
XnNXrC-wZCc,@lailanunez593,"Já pensou se ela soubesse que era ele quando foi visitá-lo? Acho que ele a teria desvivido também... Sou a favor da pena capital por isso, ela não tem paz, por causa dele.",3,2025-11-25T23:47:04Z,já pensou se ela soubesse que era ele quando foi visitálo acho que ele a teria desvivido também sou a favor da pena capital por isso ela não tem paz por causa dele,0.4019,positivo,1 star,1,negativo
XnNXrC-wZCc,@aValcazara,"O episódio é muito triste, mas serve de alerta para que nós estejamos atentos aos sinais.",5,2025-11-25T16:51:19Z,o episódio é muito triste mas serve de alerta para que nós estejamos atentos aos sinais,0.0,neutro,3 stars,3,neutro
XnNXrC-wZCc,@diandrarodrigues348,Mais um episódio de vivendo com o inimigo. Gosto muito desse quadro é o melhor e com seu jeito de reagir é o que mais deixa o canal especial ❤❤🎉,0,2025-11-26T05:45:26Z,mais um episódio de vivendo com o inimigo gosto muito desse quadro é o melhor e com seu jeito de reagir é o que mais deixa o canal especial ❤❤🎉,0.9022,positivo,5 stars,5,positivo
XnNXrC-wZCc,@isabelasembarski7202,"Coitada dessa moça, sofreu e vai sofrer a vida toda.",2,2025-11-26T02:51:12Z,coitada dessa moça sofreu e vai sofrer a vida toda,0.0,neutro,5 stars,5,positivo
XnNXrC-wZCc,@ThiagopaidoSamuel,"Se ela tivesse lá, o Jeff estaria solto.",12,2025-11-25T17:18:17Z,se ela tivesse lá o jeff estaria solto,0.0,neutro,1 star,1,negativo
XnNXrC-wZCc,@alex.mattos-b5v,Surta no vivendo com inimigo já virou um modo de soltar tudo guardado dentro de si...,6,2025-11-25T16:16:38Z,surta no vivendo com inimigo já virou um modo de soltar tudo guardado dentro de si,-0.296,negativo,1 star,1,negativo
XnNXrC-wZCc,@ltlivia,"Nossa, episódio pesadíssimo. Fiquei arrasada, chorei junto, um dos mais difíceis que vimos. Que isso, nossa, to arrasada",1,2025-11-25T20:35:54Z,nossa episódio pesadíssimo fiquei arrasada chorei junto um dos mais difíceis que vimos que isso nossa to arrasada,0.0,neutro,1 star,1,negativo
XnNXrC-wZCc,@annielycavalcanti6162,"Creio que ele chamou ele quando ela tinha 15 pra matar ele se ela dissesse que achava que era ele, ele n se arrepende de nada e nem vai, se ele sair ele vai atrás dela e ele é sórdido demais, e sobre os pais n terem acreditado nela ele deve ter fingido demais, gente assim é manipuladora demais tbm",3,2025-11-25T22:54:17Z,creio que ele chamou ele quando ela tinha pra matar ele se ela dissesse que achava que era ele ele n se arrepende de nada e nem vai se ele sair ele vai atrás dela e ele é sórdido demais e sobre os pais n terem acreditado nela ele deve ter fingido demais gente assim é manipuladora demais tbm,0.0,neutro,1 star,1,negativo
XnNXrC-wZCc,@brunagalvao474,"Se ela não tivesse sobrevivido, provavelmente ele teria ficado impune...",2,2025-11-26T03:54:45Z,se ela não tivesse sobrevivido provavelmente ele teria ficado impune,0.0,neutro,1 star,1,negativo
XnNXrC-wZCc,@vanessasoares2858,O tempo esta muito longo de um ep para o outro srsrsrsrs eu gosto muito.. Faça mais,5,2025-11-25T16:38:28Z,o tempo esta muito longo de um ep para o outro srsrsrsrs eu gosto muito faça mais,0.0,neutro,2 stars,2,negativo
XnNXrC-wZCc,@Lilianalves-pr5py,minha serie pesada preferida! VAMBOOORAAAA,6,2025-11-25T15:45:03Z,minha serie pesada preferida vamboooraaaa,0.0,neutro,5 stars,5,positivo
XnNXrC-wZCc,@rochaphoenix,Deixar as filhas com um menino problemático desse! Essa mãe era muito doida,4,2025-11-25T18:36:00Z,deixar as filhas com um menino problemático desse essa mãe era muito doida,0.0,neutro,1 star,1,negativo
XnNXrC-wZCc,@hopeworlddddddd,"eu tb surto com as vítimas, é uma reação de quem vê de fora mesmo, acho que isso é normal em alguns casos, não significa que não se tem empatia.",1,2025-11-26T01:50:56Z,eu tb surto com as vítimas é uma reação de quem vê de fora mesmo acho que isso é normal em alguns casos não significa que não se tem empatia,0.0,neutro,3 stars,3,neutro
XnNXrC-wZCc,@scadjnjkklhbn,"preciso de vivendo com o inimigo todo dia, pra mim é de lei ter olkabone pelo menos 1 vez ao dia",2,2025-11-25T20:00:41Z,preciso de vivendo com o inimigo todo dia pra mim é de lei ter olkabone pelo menos vez ao dia,0.0,neutro,5 stars,5,positivo
XnNXrC-wZCc,@polianesilva1220,"A gente ama você narrando, você reagindo da sua maneira faz o canal incrível, só poste mais vezes",0,2025-11-26T13:43:31Z,a gente ama você narrando você reagindo da sua maneira faz o canal incrível só poste mais vezes,0.0,neutro,1 star,1,negativo
XnNXrC-wZCc,@crislane8953,Um dos poucos eps q foi impossível n chorar 🥺🤧,1,2025-11-25T21:55:47Z,um dos poucos eps q foi impossível n chorar 🥺🤧,0.0,neutro,4 stars,4,positivo
XnNXrC-wZCc,@Jnchuurikii,Faz mais ep por semana vi todos mds,6,2025-11-25T16:18:37Z,faz mais ep por semana vi todos mds,0.0,neutro,5 stars,5,positivo
XnNXrC-wZCc,@thayssilva4940,Adoro o canal estou viciada 😊😊😊,3,2025-11-25T15:37:45Z,adoro o canal estou viciada 😊😊😊,0.9517,positivo,5 stars,5,positivo
XnNXrC-wZCc,@izadoramagalhaes7865,"O que a falta de um Jovem Aprendiz faz na vida vida de um adolescente desocupado, né?",4,2025-11-25T17:05:02Z,o que a falta de um jovem aprendiz faz na vida vida de um adolescente desocupado né,0.0,neutro,1 star,1,negativo
XnNXrC-wZCc,@anadeoliveira8885,Caso triste 😢.  Coitada dessa moça.,5,2025-11-25T16:30:03Z,caso triste 😢 coitada dessa moça,-0.4767,negativo,5 stars,5,positivo
XnNXrC-wZCc,@micheleduraescabral549,É síndrome de Estocolmo?Kkkkkkkk 😂😂😂😂,2,2025-11-26T02:51:30Z,é síndrome de estocolmokkkkkkkk 😂😂😂😂,0.891,positivo,1 star,1,negativo
XnNXrC-wZCc,@AntoniaCristina-p1e,Sempre conforta a gente. Precisamos de mais reações com esse tema.,0,2025-11-26T18:37:56Z,sempre conforta a gente precisamos de mais reações com esse tema,0.0,neutro,5 stars,5,positivo
XnNXrC-wZCc,@milenacorbo,"Eu tenho pra mim que a gente só acha as vítimas sonsas, pq não é a gente lá, se fodend0 😅",5,2025-11-25T19:07:03Z,eu tenho pra mim que a gente só acha as vítimas sonsas pq não é a gente lá se fodend 😅,0.3612,positivo,1 star,1,negativo
XnNXrC-wZCc,@laislima9494,Petição para trazer mais bodycam 🙏🏻🙏🏻,4,2025-11-25T17:49:08Z,petição para trazer mais bodycam 🙏🏻🙏🏻,0.0,neutro,4 stars,4,positivo
XnNXrC-wZCc,@alicelobo1477,"14:59 olka, mesmo q ele não apanhasse, ele ia continuar sendo uma pessoa ruim, pq era a essência dele mesmo, psicopatia vai além da educação q os pais dão, pode até ter piorado ele, mas q ele ia continuar sendo ruim independente do q os pais fizessem ele ia",15,2025-11-25T17:09:18Z,olka mesmo q ele não apanhasse ele ia continuar sendo uma pessoa ruim pq era a essência dele mesmo psicopatia vai além da educação q os pais dão pode até ter piorado ele mas q ele ia continuar sendo ruim independente do q os pais fizessem ele ia,0.0,neutro,1 star,1,negativo
XnNXrC-wZCc,@lindosbrotos.2301,Muito difícil ficar aguardando os episódios,7,2025-11-25T16:07:43Z,muito difícil ficar aguardando os episódios,0.0,neutro,2 stars,2,negativo
XnNXrC-wZCc,@andreiafabianadeia589,"Isso é normal, eu também surto as vezes.",6,2025-11-25T15:29:49Z,isso é normal eu também surto as vezes,0.0,neutro,3 stars,3,neutro
XnNXrC-wZCc,@AndressaLira07,"Matar alguém já é algo surreal, matar criança é diabólico",2,2025-11-25T22:52:17Z,matar alguém já é algo surreal matar criança é diabólico,0.0,neutro,1 star,1,negativo
XnNXrC-wZCc,@itsmelucy582,amoooo esse quadro ❤,0,2025-11-26T13:06:02Z,amoooo esse quadro ❤,0.6369,positivo,5 stars,5,positivo
XnNXrC-wZCc,@laisdelpra,"Olka, a gente entende o teu lado…. Minhas reações são parecidas com a sua",5,2025-11-25T16:53:32Z,olka a gente entende o teu lado… minhas reações são parecidas com a sua,0.0,neutro,5 stars,5,positivo
XnNXrC-wZCc,@fabianaportolan633,"Obrigado por postar, parabéns pelo trabalho.",0,2025-11-26T10:42:06Z,obrigado por postar parabéns pelo trabalho,0.0,neutro,4 stars,4,positivo
XnNXrC-wZCc,@mariaaparecidagarciarodrig7593,"Episódio pesado como sempre, mais infelizmente é a vida real de alguém que passou por isso, coitada dessa moça, que ela consiga ser feliz, e esse rapaz nunca mais saia da cadeia",1,2025-11-25T19:48:56Z,episódio pesado como sempre mais infelizmente é a vida real de alguém que passou por isso coitada dessa moça que ela consiga ser feliz e esse rapaz nunca mais saia da cadeia,0.0,neutro,5 stars,5,positivo
XnNXrC-wZCc,@RafhaellyMaia,"Olka amo seu canal 
N para de faze vivendo
Com o inimigo  
Não vivo sem",0,2025-11-26T15:52:17Z,olka amo seu canal n para de faze vivendo com o inimigo não vivo sem,0.0,neutro,1 star,1,negativo
XnNXrC-wZCc,@biafrozza,Adoro o ponto de vista e opiniões do Olka nessa série,3,2025-11-25T16:21:04Z,adoro o ponto de vista e opiniões do olka nessa série,0.0,neutro,5 stars,5,positivo
XnNXrC-wZCc,@evodiadantas7013,"Olá Olka! Até que enfim! ""Eu sempre estarei aqui."" ❤️🌻🌻🌻",1,2025-11-26T02:24:44Z,olá olka até que enfim eu sempre estarei aqui ❤️🌻🌻🌻,0.0,neutro,5 stars,5,positivo
XnNXrC-wZCc,@Negrajujuba086,"Eu acho as suas Reações de boa, não vejo problema em ficar com raiva das vitimas tb pq a gente queria que não acontecesse. Mas tenho preconceito com quem fica aqui no chat chamando os outros de mimizento e num sei oq mimimi... nossa chega me da agonia do tipo de pessoa que usa esse """"termo"""" uma coisa meio gado sla, nam...",1,2025-11-26T10:34:44Z,eu acho as suas reações de boa não vejo problema em ficar com raiva das vitimas tb pq a gente queria que não acontecesse mas tenho preconceito com quem fica aqui no chat chamando os outros de mimizento e num sei oq mimimi nossa chega me da agonia do tipo de pessoa que usa esse termo uma coisa meio gado sla nam,-0.296,negativo,2 stars,2,negativo
XnNXrC-wZCc,@Jozyannegpaiva44,"Não vejo mais a
Série . 
Só consigo ver aqui  com os reacts ❤",0,2025-11-26T16:40:03Z,não vejo mais a série só consigo ver aqui com os reacts ❤,0.6369,positivo,3 stars,3,neutro
XnNXrC-wZCc,@cozinhapraticadadidi9116,Demoraram muito p descobrir que foi ele😢,5,2025-11-25T15:55:10Z,demoraram muito p descobrir que foi ele😢,-0.4767,negativo,2 stars,2,negativo
XnNXrC-wZCc,@marianamarlley,"Ele não é meio irmão dela, ele é filho do padrasto dela SÓ ISSO!",3,2025-11-25T20:11:48Z,ele não é meio irmão dela ele é filho do padrasto dela só isso,0.0,neutro,3 stars,3,neutro
XnNXrC-wZCc,@josianepasqualotto2417,Aeeee saiuuu 🎉,2,2025-11-25T15:02:37Z,aeeee saiuuu 🎉,0.4019,positivo,1 star,1,negativo
XnNXrC-wZCc,@caradebatata472,"valeu kabone, tava procurando algo pra assistir",1,2025-11-25T15:45:59Z,valeu kabone tava procurando algo pra assistir,0.0,neutro,4 stars,4,positivo
XnNXrC-wZCc,@camilasantos5590,"Essa noite sonhei com o Olka e sua família, acho que tô muito viciada nesse canal, temos que estabelecer limites👀😂😂😂",1,2025-11-25T15:45:43Z,essa noite sonhei com o olka e sua família acho que tô muito viciada nesse canal temos que estabelecer limites👀😂😂😂,0.8271,positivo,1 star,1,negativo
XnNXrC-wZCc,@BernardopedroSenete-o6c,Olka você podia postar essa programa 1 vez por semana,1,2025-11-25T21:07:50Z,olka você podia postar essa programa vez por semana,0.0,neutro,1 star,1,negativo
XnNXrC-wZCc,@Nyxxth,"KRL essa mensagem dela no final, pesado 😢",0,2025-11-26T17:11:20Z,krl essa mensagem dela no final pesado 😢,-0.6486,negativo,2 stars,2,negativo
XnNXrC-wZCc,@kkmu49,Tô maratonando todos os videos dessa série,0,2025-11-25T16:08:35Z,tô maratonando todos os videos dessa série,0.0,neutro,5 stars,5,positivo
XnNXrC-wZCc,@emilygabrieli6369,Boa tarde ❤😊 bora trabalhar e assistir essa obra prima ❤,2,2025-11-25T15:03:56Z,boa tarde ❤😊 bora trabalhar e assistir essa obra prima ❤,0.9371,positivo,5 stars,5,positivo
XnNXrC-wZCc,@karolaynesilva3715,"Grava maisss, não vivo sem",0,2025-11-26T15:07:35Z,grava maisss não vivo sem,0.0,neutro,1 star,1,negativo
XnNXrC-wZCc,@UubGod,"Pra mim n tem essa de ""Ele vai sofrer mais na cadeia"" pra mim vida paga com vida, se for pra sofrer q seja no processo",1,2025-11-25T20:28:12Z,pra mim n tem essa de ele vai sofrer mais na cadeia pra mim vida paga com vida se for pra sofrer q seja no processo,-0.296,negativo,2 stars,2,negativo
XnNXrC-wZCc,@stefanybuche4523,Não sei se é sorte ou azar ficar viva com todos que eu amo mortos.,1,2025-11-25T21:12:09Z,não sei se é sorte ou azar ficar viva com todos que eu amo mortos,0.0,neutro,1 star,1,negativo
XnNXrC-wZCc,@micheleduraescabral549,E pq ela suspeitou do padrasto e em nenhum momento da pessoa q aterrorizou durante toda a infância?,1,2025-11-26T02:50:50Z,e pq ela suspeitou do padrasto e em nenhum momento da pessoa q aterrorizou durante toda a infância,0.0,neutro,1 star,1,negativo
XnNXrC-wZCc,@fabianacristinadossantos6030,Obrigada,0,2025-11-26T11:09:00Z,obrigada,0.0,neutro,5 stars,5,positivo
XnNXrC-wZCc,@__liss,Olkaa ❤ pfvr faz vivendo com o inimigo mais frequência 😭🥹 nós amamos,0,2025-11-25T19:00:04Z,olkaa ❤ pfvr faz vivendo com o inimigo mais frequência 😭🥹 nós amamos,0.2732,positivo,5 stars,5,positivo
XnNXrC-wZCc,@lourdessouza3696,Boa tarde eu já assisti esse caso no ID mas claro que eu vou assistir de novo obrigada,0,2025-11-25T18:32:34Z,boa tarde eu já assisti esse caso no id mas claro que eu vou assistir de novo obrigada,-0.296,negativo,3 stars,3,neutro
XnNXrC-wZCc,@yayaskyged,"Um adolescente adaptar-se a Florida é fácil, difícil é sobreviver a ela.",3,2025-11-25T15:05:50Z,um adolescente adaptarse a florida é fácil difícil é sobreviver a ela,0.0,neutro,4 stars,4,positivo
XnNXrC-wZCc,@juhmachado1000,"E digo mais , imagina a ""raiva/mágoa"" que ela tinha pensado que o padrasto tinha feito isso com a mãe dela e as irmãs",0,2025-11-26T09:36:36Z,e digo mais imagina a raivamágoa que ela tinha pensado que o padrasto tinha feito isso com a mãe dela e as irmãs,0.0,neutro,3 stars,3,neutro
XnNXrC-wZCc,@larissaschnaider4127,sinto que estou viciada nessa série,0,2025-11-25T15:51:52Z,sinto que estou viciada nessa série,0.0,neutro,2 stars,2,negativo
XnNXrC-wZCc,@danielasiqueirasilva3035,Pesado...,1,2025-11-25T16:05:15Z,pesado,0.0,neutro,2 stars,2,negativo
XnNXrC-wZCc,@mariaeddtrq,Bora almoçar com o inimigo 😂😂,1,2025-11-25T15:08:14Z,bora almoçar com o inimigo 😂😂,0.7003,positivo,5 stars,5,positivo
XnNXrC-wZCc,@sewbylily,Q EP triste😔tadinha 😪,2,2025-11-25T15:44:36Z,q ep triste😔tadinha 😪,0.0772,positivo,5 stars,5,positivo
XnNXrC-wZCc,@KleinpromoterEventos,"Almoçando agora Simboraaa.
Boa tarde Olkabone",0,2025-11-25T16:41:31Z,almoçando agora simboraaa boa tarde olkabone,0.0,neutro,1 star,1,negativo
XnNXrC-wZCc,@BrunaMartins-ct7rm,"12:37 Que tristeza, gente! Que mãe nojenta que fez isso com ela",1,2025-11-25T19:03:37Z,que tristeza gente que mãe nojenta que fez isso com ela,0.0,neutro,1 star,1,negativo
XnNXrC-wZCc,@josehenriquesanchesbilches795,"Oshe, por que ta em francês hoje se eles eram da California? E o Olka fala francês? q chique",1,2025-11-26T01:30:44Z,oshe por que ta em francês hoje se eles eram da california e o olka fala francês q chique,0.0,neutro,1 star,1,negativo
XnNXrC-wZCc,@mayaramelissa3467,Já dou like antes de começar ,1,2025-11-25T15:08:10Z,já dou like antes de começar,0.3612,positivo,5 stars,5,positivo
XnNXrC-wZCc,@silva9696,meu Deus que tristeza esse ep… to quase chorando enquanto almoço,0,2025-11-25T19:12:00Z,meu deus que tristeza esse ep… to quase chorando enquanto almoço,0.0,neutro,1 star,1,negativo
XnNXrC-wZCc,@silva9696,preciso de mais vídeos por semana,0,2025-11-25T19:32:40Z,preciso de mais vídeos por semana,0.0,neutro,3 stars,3,neutro
XnNXrC-wZCc,@Danichimp,Lembrei de Precisamos falar sobre o Kevin e Ronald DeFeo Jr.,0,2025-11-26T22:42:43Z,lembrei de precisamos falar sobre o kevin e ronald defeo jr,0.0,neutro,5 stars,5,positivo
XnNXrC-wZCc,@wemersonmes7609,você é show,0,2025-11-25T21:48:18Z,você é show,0.0,neutro,5 stars,5,positivo
XnNXrC-wZCc,@dacilenenunes1164,Obaaaaa mas um ❤,0,2025-11-25T15:21:52Z,obaaaaa mas um ❤,0.6369,positivo,1 star,1,negativo
XnNXrC-wZCc,@ketlenbrandon4938,"Cara, fico todos os dias entrando aqui para ver se postou isso.",0,2025-11-25T21:55:47Z,cara fico todos os dias entrando aqui para ver se postou isso,0.0,neutro,5 stars,5,positivo
XnNXrC-wZCc,@clarakelen1805,Ja posso almoçar kkkk,1,2025-11-25T15:03:18Z,ja posso almoçar kkkk,0.0,neutro,1 star,1,negativo
XnNXrC-wZCc,@KaiSantanaAnjos,Vamos almoçaaaarrrrrr,1,2025-11-25T15:13:42Z,vamos almoçaaaarrrrrr,0.0,neutro,1 star,1,negativo
XnNXrC-wZCc,@thainareis5015,Traga mais episódios.,0,2025-11-25T18:04:39Z,traga mais episódios,0.0,neutro,3 stars,3,neutro
XnNXrC-wZCc,@xLebre,7:46 sem propósito???? Mas oi??,2,2025-11-25T21:42:14Z,sem propósito mas oi,0.0,neutro,2 stars,2,negativo
XnNXrC-wZCc,@lu9167,Adoro trabalhar escutando a série,2,2025-11-25T15:09:25Z,adoro trabalhar escutando a série,0.0,neutro,5 stars,5,positivo
XnNXrC-wZCc,@Annazanol,agora já posso tomar banho assistindo vídeo do olka,0,2025-11-25T15:32:00Z,agora já posso tomar banho assistindo vídeo do olka,0.0,neutro,5 stars,5,positivo
XnNXrC-wZCc,@MariadeFatima-u1i2p,Realmente  fizeram cenas  boas obs sorriso diabólico 😈,1,2025-11-25T15:51:04Z,realmente fizeram cenas boas obs sorriso diabólico 😈,0.4588,positivo,5 stars,5,positivo
XnNXrC-wZCc,@gabix2695,"Olka, lança mais assiiiiiiim",0,2025-11-25T16:26:18Z,olka lança mais assiiiiiiim,0.0,neutro,3 stars,3,neutro
XnNXrC-wZCc,@riadnyferreira8114,"QUE VONTADE DE ABRAÇAR ESSA MULHER, MEU DEUS DO CÉU 😭",0,2025-11-26T14:40:14Z,que vontade de abraçar essa mulher meu deus do céu 😭,-0.4767,negativo,5 stars,5,positivo
XnNXrC-wZCc,@alessandravidal5151,Esse muleque e o capiroto.,2,2025-11-25T23:37:45Z,esse muleque e o capiroto,0.0,neutro,5 stars,5,positivo
XnNXrC-wZCc,@lorraynnedanielaoficial6483,Que caso pesadooo,0,2025-11-26T00:03:26Z,que caso pesadooo,0.0,neutro,3 stars,3,neutro
XnNXrC-wZCc,@JoliotFronsac,Up do engajamento,0,2025-11-25T17:02:57Z,up do engajamento,0.0,neutro,1 star,1,negativo
XnNXrC-wZCc,@aldomaralbum,Vambora pena que vi só depois que já almocei😂😂😂,0,2025-11-25T16:31:44Z,vambora pena que vi só depois que já almocei😂😂😂,0.8271,positivo,1 star,1,negativo
XnNXrC-wZCc,@lauannemartins,pensando se ia ter essa semana kakaka,0,2025-11-25T15:04:14Z,pensando se ia ter essa semana kakaka,0.0,neutro,1 star,1,negativo
XnNXrC-wZCc,@liu.calazans,O guri apanhando e n demonstrava nada. Eu só lembro de Kevin quando a mãe empurra e ele quebra o braço em Precisamos falar sobre Kevin,1,2025-11-25T18:51:04Z,o guri apanhando e n demonstrava nada eu só lembro de kevin quando a mãe empurra e ele quebra o braço em precisamos falar sobre kevin,0.0,neutro,1 star,1,negativo
XnNXrC-wZCc,@Marina-ps2yo,"Olka tenho MUITA curiosidade sobre sua reação ao vivendo com o  inimigo EP 1 da temporada 11

Por favor, se puder reagir.",0,2025-11-25T18:54:30Z,olka tenho muita curiosidade sobre sua reação ao vivendo com o inimigo ep da temporada por favor se puder reagir,0.4019,positivo,3 stars,3,neutro
XnNXrC-wZCc,@sewbylily,Vamboraaaaa,0,2025-11-25T15:04:37Z,vamboraaaaa,0.0,neutro,3 stars,3,neutro
XnNXrC-wZCc,@lethiciamarinasantossouza3719,Vou tomar café ❤❤❤🎉🎉🎉,0,2025-11-25T15:06:53Z,vou tomar café ❤❤❤🎉🎉🎉,0.967,positivo,1 star,1,negativo
XnNXrC-wZCc,@hemillylucena1222,Oi Olka 😀,0,2025-11-25T15:02:20Z,oi olka 😀,0.3612,positivo,3 stars,3,neutro
XnNXrC-wZCc,@LAssis-fu9pr,Isso aqui é do @olka ?,0,2025-11-25T21:18:39Z,isso aqui é do,0.0,neutro,5 stars,5,positivo
XnNXrC-wZCc,@isabelasanva,"Desculpe, Olka, esse ep vou ter que passar. Fui vítima de abuso infantil e infelizmente ainda tenho muita dificuldade de ouvir sobre",0,2025-11-26T00:27:17Z,desculpe olka esse ep vou ter que passar fui vítima de abuso infantil e infelizmente ainda tenho muita dificuldade de ouvir sobre,0.0,neutro,1 star,1,negativo
XnNXrC-wZCc,@jaque.,"Almocei arroz , feijão e carne junto com colher 🎉",0,2025-11-25T18:00:05Z,almocei arroz feijão e carne junto com colher 🎉,0.4019,positivo,5 stars,5,positivo
XnNXrC-wZCc,@mariamendes6720,Estava a ver que tinha que sair do YouTube porque não achava nada interessante 😊😊,1,2025-11-25T15:13:03Z,estava a ver que tinha que sair do youtube porque não achava nada interessante 😊😊,0.9001,positivo,1 star,1,negativo
XnNXrC-wZCc,@kk2501up,❤❤❤❤,0,2025-11-25T16:49:45Z,❤❤❤❤,0.9571,positivo,5 stars,5,positivo
XnNXrC-wZCc,@lucianaru9305,🙏🕊❤️,0,2025-11-25T19:01:43Z,🙏🕊❤️,0.0,neutro,5 stars,5,positivo
XnNXrC-wZCc,@izabrasilino9677,❤,0,2025-11-26T05:02:35Z,❤,0.6369,positivo,5 stars,5,positivo
XnNXrC-wZCc,@menasalgado8600,Boa noite,0,2025-11-25T21:19:42Z,boa noite,0.0,neutro,4 stars,4,positivo
XnNXrC-wZCc,@miriamcristhianeferreira9971,Completo???,0,2025-11-25T20:42:52Z,completo,0.0,neutro,5 stars,5,positivo
XnNXrC-wZCc,@julianasoares84,"Abaixo-assinado pra ter, no MÍNIMO, dois vídeos diários. Vamboooooooooooora 🎉",0,2025-11-26T00:49:58Z,abaixoassinado pra ter no mínimo dois vídeos diários vamboooooooooooora 🎉,0.128,positivo,1 star,1,negativo
XnNXrC-wZCc,@edineiamonteiro5145,Mais vezes por favor,0,2025-11-25T18:05:36Z,mais vezes por favor,0.4019,positivo,1 star,1,negativo
XnNXrC-wZCc,@carolineri3279,"Eu prefiro não sobreviver. 
Deus me livre minha família toda morta, como eu viveria? Como eu seria feliz?
Coitada dessa mulher 😢",1,2025-11-25T17:29:10Z,eu prefiro não sobreviver deus me livre minha família toda morta como eu viveria como eu seria feliz coitada dessa mulher 😢,-0.4767,negativo,1 star,1,negativo
XnNXrC-wZCc,@thainareis5015,Almoçando usando colher ta seu Olka?,0,2025-11-25T18:04:20Z,almoçando usando colher ta seu olka,0.0,neutro,5 stars,5,positivo
XnNXrC-wZCc,@EitaNostalgia,"Olka meu caro, para um doente psicopat.. o unico remedio é a mort..., mas para pessoas normais sem problemas mentais o castigo fisico é sim uma otima forma de ensinar limites e valores éticos e morais. Você provavelmente faz parte dos nutelas que acreditam que uma boa educação se da na base do dialogo, e é por conta de gente como você que o mundo esta do jeito que esta. Claro que nem toda boa educação do mundo vai mudar um ser que nasceu defeituoso. O que eu quero dizer é, o que nasce bom ao ser lapidado se torna uma joia, ja aquele que nasceu ruim não há surra ou dialogo que vá mudar isso. Como ja dizia o É o Tchan ""Pau que nasce torto nunca se endireita..."" .",0,2025-11-26T05:26:58Z,olka meu caro para um doente psicopat o unico remedio é a mort mas para pessoas normais sem problemas mentais o castigo fisico é sim uma otima forma de ensinar limites e valores éticos e morais você provavelmente faz parte dos nutelas que acreditam que uma boa educação se da na base do dialogo e é por conta de gente como você que o mundo esta do jeito que esta claro que nem toda boa educação do mundo vai mudar um ser que nasceu defeituoso o que eu quero dizer é o que nasce bom ao ser lapidado se torna uma joia ja aquele que nasceu ruim não há surra ou dialogo que vá mudar isso como ja dizia o é o tchan pau que nasce torto nunca se endireita,0.0,neutro,1 star,1,negativo
XnNXrC-wZCc,@denise7890,"Mesmo olhar vazio, tal qual o da Suzane Von Richthofen.",1,2025-11-25T19:42:39Z,mesmo olhar vazio tal qual o da suzane von richthofen,0.0,neutro,1 star,1,negativo
XnNXrC-wZCc,@HenriqueJoao-fg7lp,Cheguei❤,0,2025-11-25T15:02:57Z,cheguei❤,0.6369,positivo,5 stars,5,positivo
XnNXrC-wZCc,@ElisangelaOliveira-z4q7y,😢😢😢😢😢😢😢,0,2025-11-26T02:02:53Z,😢😢😢😢😢😢😢,-0.967,negativo,5 stars,5,positivo
XnNXrC-wZCc,@orlandosouza4415,Foi culpa da mãe,0,2025-11-26T22:38:57Z,foi culpa da mãe,0.0,neutro,1 star,1,negativo
XnNXrC-wZCc,@nicolehess3522,Mal acredito que sou uma das primeiras a verrr❤❤,1,2025-11-25T15:05:45Z,mal acredito que sou uma das primeiras a verrr❤❤,0.8555,positivo,1 star,1,negativo
XnNXrC-wZCc,@PatriciaParty100,Se tiver roteiro não é um react 😘,0,2025-11-26T04:40:08Z,se tiver roteiro não é um react 😘,0.4215,positivo,1 star,1,negativo
XnNXrC-wZCc,@emilygabrieli6369,Foi a primeira ❤❤,1,2025-11-25T15:03:02Z,foi a primeira ❤❤,0.8555,positivo,5 stars,5,positivo
XnNXrC-wZCc,@mariasocorro-uu2ps,Cheguei,0,2025-11-25T15:05:48Z,cheguei,0.0,neutro,2 stars,2,negativo
XnNXrC-wZCc,@rrrodz.,Muçano,0,2025-11-25T16:18:19Z,muçano,0.0,neutro,1 star,1,negativo
XnNXrC-wZCc,@adrianacosta1656,Que história horrível 😢,0,2025-11-25T18:54:26Z,que história horrível 😢,-0.4767,negativo,1 star,1,negativo
XnNXrC-wZCc,@RaquelPimenta-e4y,Se eu pedir algo ou dizer não vai não posso meu filho me agride e ainda chamou a polícia pra mim pra se fazer de vítima (não me julguem é muito mais longo e pior que isso),0,2025-11-25T20:18:05Z,se eu pedir algo ou dizer não vai não posso meu filho me agride e ainda chamou a polícia pra mim pra se fazer de vítima não me julguem é muito mais longo e pior que isso,0.0,neutro,1 star,1,negativo
XnNXrC-wZCc,@ritaderevoredo3468,😱🤢🤮😭🙏,0,2025-11-26T01:04:42Z,😱🤢🤮😭🙏,-0.836,negativo,5 stars,5,positivo
XnNXrC-wZCc,@tanakko,"Ele preferiu pedir uma falsa desculpa do que parar de fazer comentários burros sobre as VITIMAS. Se tivesse outro que faz esse conteudo, com toda certeza eu deixaria de ver esse.",1,2025-11-25T15:25:37Z,ele preferiu pedir uma falsa desculpa do que parar de fazer comentários burros sobre as vitimas se tivesse outro que faz esse conteudo com toda certeza eu deixaria de ver esse,0.0,neutro,1 star,1,negativo
XnNXrC-wZCc,@monicacastellani6273,Bom dia 🌞,0,2025-11-25T15:20:16Z,bom dia 🌞,0.0,neutro,5 stars,5,positivo
XnNXrC-wZCc,@monicacastellani6273,😢 OLKA REAGE com quem porra me casei👍👍,3,2025-11-25T15:26:41Z,😢 olka reage com quem porra me casei👍👍,-0.4767,negativo,5 stars,5,positivo
XnNXrC-wZCc,@monicacastellani6273,Misericórdia senhor,0,2025-11-25T15:31:42Z,misericórdia senhor,0.0,neutro,5 stars,5,positivo
XnNXrC-wZCc,@monicacastellani6273,MÃE DEMÔNIO PROTEJA SUA FILHA 😮,1,2025-11-25T15:35:35Z,mãe demônio proteja sua filha 😮,0.0,neutro,5 stars,5,positivo
XnNXrC-wZCc,@monicacastellani6273,Vc não vai reagir pesadelo na cozinha 😂,0,2025-11-25T15:32:45Z,vc não vai reagir pesadelo na cozinha 😂,0.4404,positivo,1 star,1,negativo
XnNXrC-wZCc,@thiagowRL,"7:11 Olka, sua fala está completamente errada. Corrigir a criança com “violência” muitas das vezes resolve, sim, o problema. Se for para levar sua fala em conta, a correção psicológica também pode causar o mesmo impacto negativo. O grande problema nessa história não é a forma como está corrigindo e sim a falta de olhar para a criança, pois um psicopata vai levar a mau tanto o castigo físico quanto o psicológico!",0,2025-11-25T20:21:36Z,olka sua fala está completamente errada corrigir a criança com “violência” muitas das vezes resolve sim o problema se for para levar sua fala em conta a correção psicológica também pode causar o mesmo impacto negativo o grande problema nessa história não é a forma como está corrigindo e sim a falta de olhar para a criança pois um psicopata vai levar a mau tanto o castigo físico quanto o psicológico,0.3818,positivo,1 star,1,negativo
XnNXrC-wZCc,@thainareis5015,Vamboraaaaa,0,2025-11-25T18:03:24Z,vamboraaaaa,0.0,neutro,3 stars,3,neutro
XnNXrC-wZCc,@estudantededireito7305,❤️,0,2025-11-26T11:53:53Z,❤️,0.0,neutro,5 stars,5,positivo
QE0gHp45XPk,@mariana_andrad3,"Estou há quase 20 anos em Portugal. Quando eu cheguei aqui, falava sempre em inglês porque, onde eu morava, havia muitos imigrantes retornados do Canadá, EUA.. eu entendia melhor eles em inglês do que em português. Juro!",366,2025-11-25T13:43:50Z,estou há quase anos em portugal quando eu cheguei aqui falava sempre em inglês porque onde eu morava havia muitos imigrantes retornados do canadá eua eu entendia melhor eles em inglês do que em português juro,0.0,neutro,1 star,1,negativo
QE0gHp45XPk,@cicerovictorsantosduarte6213,O português praticamente incorpora o Sid da era do gelo pra falar pt br 😂😂😂😂,202,2025-11-25T13:55:27Z,o português praticamente incorpora o sid da era do gelo pra falar pt br 😂😂😂😂,0.891,positivo,1 star,1,negativo
QE0gHp45XPk,@luismigues3100,"No norte de Portugal continental abrimos as vogais, como também fazemos na Galiza, deve ser por isso que a maioria dos brasileiros escolhem como destino o distrito de Braga. Boa escolha, ouviu!",174,2025-11-25T13:36:00Z,no norte de portugal continental abrimos as vogais como também fazemos na galiza deve ser por isso que a maioria dos brasileiros escolhem como destino o distrito de braga boa escolha ouviu,-0.296,negativo,3 stars,3,neutro
QE0gHp45XPk,@JoseRaissa,A pressa para passar logo a informação e acabar a conversa 😂😂,82,2025-11-25T13:35:04Z,a pressa para passar logo a informação e acabar a conversa 😂😂,0.7003,positivo,1 star,1,negativo
QE0gHp45XPk,@alessandracampos2458,Colstrol parece remédio pro estômago 😂😂😂😂,86,2025-11-25T18:24:44Z,colstrol parece remédio pro estômago 😂😂😂😂,0.891,positivo,3 stars,3,neutro
QE0gHp45XPk,@AndreiaCaldas-u2k,"O Gregório Dudivier é comediante e formado em letras português, conhece muito, também sou linguista e amo, amo seus textos, principalmente quando fala sobre a língua portuguesa❤ Amei ver ele por aqui",2,2025-11-26T20:37:14Z,o gregório dudivier é comediante e formado em letras português conhece muito também sou linguista e amo amo seus textos principalmente quando fala sobre a língua portuguesa❤ amei ver ele por aqui,0.6369,positivo,5 stars,5,positivo
QE0gHp45XPk,@marcoforasteiro,Fui em um congresso e consegui entender melhor a espanhola falando do que o português 😂😂,91,2025-11-25T14:32:59Z,fui em um congresso e consegui entender melhor a espanhola falando do que o português 😂😂,0.7003,positivo,5 stars,5,positivo
QE0gHp45XPk,@MariajoseFAlves,"Eu como portuguesa, gosto muito do português do Brasil, pois tornam as frases mais suaves e harmoniosa ao ouvido. 
O de Portugal é mais rígido, mas mais correto em termos de gramática ( nem todos). Nós também dizemos eu depois ligo, ou liga- me.. 
Somos um país pequenino, mas com alma grande. ❤❤❤",12,2025-11-25T22:01:43Z,eu como portuguesa gosto muito do português do brasil pois tornam as frases mais suaves e harmoniosa ao ouvido o de portugal é mais rígido mas mais correto em termos de gramática nem todos nós também dizemos eu depois ligo ou liga me somos um país pequenino mas com alma grande ❤❤❤,0.9274,positivo,5 stars,5,positivo
QE0gHp45XPk,@mariaamorim9082,"É por isso que nós portugueses temos tanta facilidade em compreender as outras línguas,  porque temos que afinar os ouvidos 
 desde a infância para perceber o nosso português lusitano.",43,2025-11-25T16:07:44Z,é por isso que nós portugueses temos tanta facilidade em compreender as outras línguas porque temos que afinar os ouvidos desde a infância para perceber o nosso português lusitano,0.0,neutro,5 stars,5,positivo
QE0gHp45XPk,@RaquelGama-i8k,"Por isso é que eu 🇵🇹 quando não percebo alguma coisa no brasileiro, vou à procura, acho muita piada ao brasileiro,mas depende do sotaque e da zona brasileira que são..adoro o brasileiro 🇧🇷 é uma língua que nos prende,nos puxa! Adoro 🇧🇷🇵🇹👏❤️",86,2025-11-25T13:05:17Z,por isso é que eu 🇵🇹 quando não percebo alguma coisa no brasileiro vou à procura acho muita piada ao brasileiromas depende do sotaque e da zona brasileira que sãoadoro o brasileiro 🇧🇷 é uma língua que nos prendenos puxa adoro 🇧🇷🇵🇹👏❤️,-0.296,negativo,5 stars,5,positivo
QE0gHp45XPk,@rosaangelafernandes,Olkabone você é o melhor😂😂😂😂😂😂😂😂😂😂muito bom.😂😂😂😂😂😂😂😂😂,1,2025-11-26T20:31:54Z,olkabone você é o melhor😂😂😂😂😂😂😂😂😂😂muito bom😂😂😂😂😂😂😂😂😂,0.9933,positivo,5 stars,5,positivo
QE0gHp45XPk,@AngelicaCRod,"Ele imitou o jeito do Olka falar 
😂😂😂😂😂",14,2025-11-25T18:42:12Z,ele imitou o jeito do olka falar 😂😂😂😂😂,0.926,positivo,5 stars,5,positivo
QE0gHp45XPk,@MrD4RK1,Enquanto isso o Luva de pedreiro falando todas as línguas possíveis numa única frase 😂😂,1,2025-11-26T18:44:13Z,enquanto isso o luva de pedreiro falando todas as línguas possíveis numa única frase 😂😂,0.7003,positivo,2 stars,2,negativo
QE0gHp45XPk,@marciaalves8175,"Meu pai era português,  mesmo morando no Brasil por muitos anos, havia o sotaque muito forte. Eu por exemplo, não entendia o que minha tia falava quando realizava as ligações para conversar com meu pai.",9,2025-11-25T16:23:30Z,meu pai era português mesmo morando no brasil por muitos anos havia o sotaque muito forte eu por exemplo não entendia o que minha tia falava quando realizava as ligações para conversar com meu pai,0.2732,positivo,2 stars,2,negativo
QE0gHp45XPk,@ALuisaL,"A ""vossa língua"" (porque é a mesma!😅) NÃO É ESTRANHA PARA NÓS!.😂❤ Nós crescemos ""assistindo"" novelas brasileiras.",24,2025-11-25T14:12:35Z,a vossa língua porque é a mesma😅 não é estranha para nós😂❤ nós crescemos assistindo novelas brasileiras,0.8625,positivo,5 stars,5,positivo
QE0gHp45XPk,@novoplaneta3520,Eu q acho estranho engolir vogais e falar como um alemáo q cospe na cara da gente..,33,2025-11-25T13:15:51Z,eu q acho estranho engolir vogais e falar como um alemáo q cospe na cara da gente,0.0,neutro,1 star,1,negativo
QE0gHp45XPk,@mariafrvidas3543,"É igual na dublagem de filmes, séries e desenhos, podem falar o que for mas a dublagem brasileira será sempre a melhor. 
Posso tá sendo chata, ranzinza e muito mas, o Brasil com toda loucura ainda aqui somos o melhor. 
Tô errada posso tá mas assino embaixo que o português no Brasil arrasa sempre..😊❤😊❤",18,2025-11-25T13:14:02Z,é igual na dublagem de filmes séries e desenhos podem falar o que for mas a dublagem brasileira será sempre a melhor posso tá sendo chata ranzinza e muito mas o brasil com toda loucura ainda aqui somos o melhor tô errada posso tá mas assino embaixo que o português no brasil arrasa sempre😊❤😊❤,0.9595,positivo,3 stars,3,neutro
QE0gHp45XPk,@marthachristinapereiramart9372,"Olha que eu economizo maximamente este termo, mas, Greg, você é uma p* de um gênio!",9,2025-11-25T13:01:53Z,olha que eu economizo maximamente este termo mas greg você é uma p de um gênio,0.0,neutro,1 star,1,negativo
QE0gHp45XPk,@moacyrandrade2280,Olka e Gregorio no mesmo corte? Acho q juntou os caras q mais assisto,4,2025-11-25T16:21:29Z,olka e gregorio no mesmo corte acho q juntou os caras q mais assisto,-0.296,negativo,3 stars,3,neutro
QE0gHp45XPk,@vanderleiamachado9758,Ameei hahaha👏🏼👏🏼👏🏼,6,2025-11-25T12:58:55Z,ameei hahaha👏🏼👏🏼👏🏼,0.5574,positivo,5 stars,5,positivo
QE0gHp45XPk,@marisalima8818,"""Colstrol"" lembra muito o óleo para carros, da marca Castrol...😅",1,2025-11-26T19:26:17Z,colstrol lembra muito o óleo para carros da marca castrol😅,0.3612,positivo,5 stars,5,positivo
QE0gHp45XPk,@ALuisaL,"🇵🇹😂 Esta portuguesa te ama e à sua família! 💖 ""Tá tranquilo 🇵🇹"" 😂❤",10,2025-11-25T14:07:17Z,🇵🇹😂 esta portuguesa te ama e à sua família 💖 tá tranquilo 🇵🇹 😂❤,0.9468,positivo,5 stars,5,positivo
QE0gHp45XPk,@73bayer,"Meu idioma materno foi o alemão ( austríaco , Innsbruck) cresci em São Paulo,  vim pra Colônia,  Alemanha e um português da Ilha Madeira me ajudou muito , problema foi a comunicação pois apesar dos dois falarem alemão e português a gente começava num idioma e ia pro outro  , grande amigo pra mim e pra minha família",1,2025-11-26T06:37:40Z,meu idioma materno foi o alemão austríaco innsbruck cresci em são paulo vim pra colônia alemanha e um português da ilha madeira me ajudou muito problema foi a comunicação pois apesar dos dois falarem alemão e português a gente começava num idioma e ia pro outro grande amigo pra mim e pra minha família,0.0,neutro,2 stars,2,negativo
QE0gHp45XPk,@Fabiosouzacarvalho,E eu pensando nas palavras que aqui no BR são palavrões!🔞🔞🔞🔞,14,2025-11-25T13:02:15Z,e eu pensando nas palavras que aqui no br são palavrões🔞🔞🔞🔞,-0.8402,negativo,1 star,1,negativo
QE0gHp45XPk,@franciscaamorim7941,Eles acham que nos vivemos pra chatea- los kkkkkkkkkkkk,2,2025-11-25T20:21:12Z,eles acham que nos vivemos pra chatea los kkkkkkkkkkkk,0.0,neutro,5 stars,5,positivo
QE0gHp45XPk,@ShadowMan_Dev,"Meu amigo, eu tô rachando de rir, esse debate sobre os idiomas é bom demais 🤣🤣🤣🤣🤣🤣🤣🤣🤣🤣🤣🤣🤣🤣🤣",0,2025-11-26T09:49:41Z,meu amigo eu tô rachando de rir esse debate sobre os idiomas é bom demais 🤣🤣🤣🤣🤣🤣🤣🤣🤣🤣🤣🤣🤣🤣🤣,0.9932,positivo,3 stars,3,neutro
QE0gHp45XPk,@danielchagas357,"Eu trabalhei com portugueses a um tempo atrás, de fato era difícil de entender mas com o tempo fui me acostumando. E eles mesmos tem sotaque, entre o norte e o sul de Portugal muda muito.
Tanto que até hoje eu uso o jeito que eles falam, se eu chamo alguém é anda cá 😂😂",0,2025-11-26T20:44:31Z,eu trabalhei com portugueses a um tempo atrás de fato era difícil de entender mas com o tempo fui me acostumando e eles mesmos tem sotaque entre o norte e o sul de portugal muda muito tanto que até hoje eu uso o jeito que eles falam se eu chamo alguém é anda cá 😂😂,0.7003,positivo,5 stars,5,positivo
QE0gHp45XPk,@camilagothy,Nosso português do Brasil é muito mais bonito e bem falado graças a Deus ❤😂😂😂😂,5,2025-11-25T14:06:05Z,nosso português do brasil é muito mais bonito e bem falado graças a deus ❤😂😂😂😂,0.9413,positivo,5 stars,5,positivo
QE0gHp45XPk,@jessicasilveiracleto,Eu descobrindo que minha família da fazenda e poliglota. Italianos e portugueses na mesma frase hahahhaha,4,2025-11-25T15:37:54Z,eu descobrindo que minha família da fazenda e poliglota italianos e portugueses na mesma frase hahahhaha,0.0,neutro,1 star,1,negativo
QE0gHp45XPk,@miriandl,"Dialeto sulista, dialeto nortista… trabalhei numa importadora e conversava com pessoas do Brasil inteiro… misericórdia… em cada parte fala um idioma 😂… mas os que se destacaram foram os 2 mencionados…
Queria ter a oportunidade de um dia tomar um café com um nortista e um sulista juntos… seria uma experiência incrível 😂❤",1,2025-11-25T21:52:20Z,dialeto sulista dialeto nortista… trabalhei numa importadora e conversava com pessoas do brasil inteiro… misericórdia… em cada parte fala um idioma 😂… mas os que se destacaram foram os mencionados… queria ter a oportunidade de um dia tomar um café com um nortista e um sulista juntos… seria uma experiência incrível 😂❤,0.7351,positivo,3 stars,3,neutro
QE0gHp45XPk,@Contosaovento-m4m,"""é todo mundo estranho""
                             -Olkabone",1,2025-11-26T01:46:06Z,é todo mundo estranho olkabone,0.0,neutro,1 star,1,negativo
QE0gHp45XPk,@thaisbritoemportugal,"Não sou tuga😂 mas sou casada com um, moro em Portugal e tive 2 lindas portuguesinhas ❤ (gêmeas de 8meses)🥰💖",1,2025-11-25T23:11:04Z,não sou tuga😂 mas sou casada com um moro em portugal e tive lindas portuguesinhas ❤ gêmeas de meses🥰💖,0.9674,positivo,3 stars,3,neutro
QE0gHp45XPk,@Tifaniis,"Aqui se alguém disser bebéé, está imitando uma cabra🐐😅😅",3,2025-11-25T16:59:43Z,aqui se alguém disser bebéé está imitando uma cabra🐐😅😅,0.6124,positivo,1 star,1,negativo
QE0gHp45XPk,@ruijcbrito,O tuga aqui ama o seu canal também 😂❤ Um abraço!,0,2025-11-26T20:56:20Z,o tuga aqui ama o seu canal também 😂❤ um abraço,0.7964,positivo,5 stars,5,positivo
QE0gHp45XPk,@solanotomazferreira8063,"🤔Tipo um País chamado Minas Gerais:
😯Nó.....
😌Nossa Senhora do Perpétuo do Socorro!🤭😍🤣😂",3,2025-11-25T13:36:03Z,🤔tipo um país chamado minas gerais 😯nó 😌nossa senhora do perpétuo do socorro🤭😍🤣😂,0.9313,positivo,5 stars,5,positivo
QE0gHp45XPk,@adrianasouzajeremias7642,Muito bom 😅😅😅😅,4,2025-11-25T12:51:03Z,muito bom 😅😅😅😅,0.8402,positivo,5 stars,5,positivo
QE0gHp45XPk,@filipagoncalves3707,Portugal e Brasil ma mesma casa!!Adoro o conteúdo Olka,0,2025-11-26T15:47:27Z,portugal e brasil ma mesma casaadoro o conteúdo olka,0.0,neutro,1 star,1,negativo
QE0gHp45XPk,@korkinova,"Uma vez tive um professor português,  só entendia o que ele falava, quando falava em inglês",1,2025-11-25T16:04:37Z,uma vez tive um professor português só entendia o que ele falava quando falava em inglês,0.0,neutro,1 star,1,negativo
QE0gHp45XPk,@fabriciaferrazferreira1280,Onde tá esse vídeo inteiro? Quero muito assistir....😂😂😂,0,2025-11-26T22:43:08Z,onde tá esse vídeo inteiro quero muito assistir😂😂😂,0.8271,positivo,5 stars,5,positivo
QE0gHp45XPk,@joanacatarina7210,"Fico feliz por ver o Ricado Araújo no teu canal! Já agora, sabes o que é um autoclismo?😂
 Abraços de Portugal ❤",0,2025-11-25T22:03:00Z,fico feliz por ver o ricado araújo no teu canal já agora sabes o que é um autoclismo😂 abraços de portugal ❤,0.7096,positivo,5 stars,5,positivo
QE0gHp45XPk,@genifernandes-gq7ix,Isso se chama diversidade na linguagem  e têm poliglota 😊😊😊,2,2025-11-25T13:23:29Z,isso se chama diversidade na linguagem e têm poliglota 😊😊😊,0.9517,positivo,3 stars,3,neutro
QE0gHp45XPk,@BrunoSilva-rz6vp,Ele tá assim ó 😂😂😂,0,2025-11-25T20:15:46Z,ele tá assim ó 😂😂😂,0.8271,positivo,5 stars,5,positivo
QE0gHp45XPk,@seumadrugaflamenguista5013,"O foda é quando um português chega aqui no Brasil e vai na padaria comprar pão, me vê 10 cacetes 😂",0,2025-11-26T20:35:45Z,o foda é quando um português chega aqui no brasil e vai na padaria comprar pão me vê cacetes 😂,0.1779,positivo,1 star,1,negativo
QE0gHp45XPk,@lucylara498,A palavra confortável se sentindo claramente desconfortável.,0,2025-11-26T12:56:58Z,a palavra confortável se sentindo claramente desconfortável,0.0,neutro,2 stars,2,negativo
QE0gHp45XPk,@jotta_geek,Por isso que o Angolano é o poliglota do português.,0,2025-11-26T23:09:37Z,por isso que o angolano é o poliglota do português,0.0,neutro,3 stars,3,neutro
QE0gHp45XPk,@cleobiersack,"""A geração Z que é culpada"" foi ótimo 😹😹",0,2025-11-25T23:25:42Z,a geração z que é culpada foi ótimo 😹😹,0.7003,positivo,1 star,1,negativo
QE0gHp45XPk,@agcor85,"Sou portuguesa do norte do país e se eu for para o sul (na verdade só preciso baixar até meio do país😂) já vou virar cabeças, não é só a pronúncia que me denuncia, é a forma e ênfase de falar que vai denunciar que sou nortenha 😅 Ricardo do vídeo tem uma pronuncia da capital, e nós do norte as vezes também sofremos um
Pouco para entender os nossos conterrâneos da capital, se falarem mais rápido 😂",0,2025-11-26T07:37:38Z,sou portuguesa do norte do país e se eu for para o sul na verdade só preciso baixar até meio do país😂 já vou virar cabeças não é só a pronúncia que me denuncia é a forma e ênfase de falar que vai denunciar que sou nortenha 😅 ricardo do vídeo tem uma pronuncia da capital e nós do norte as vezes também sofremos um pouco para entender os nossos conterrâneos da capital se falarem mais rápido 😂,0.8074,positivo,2 stars,2,negativo
QE0gHp45XPk,@lilacat1986,"ESSA DICÇÃO DOS PORTUGUESES ME DEIXA SUPER INCOMODADA! Graças a Deus, esse jeito de falar não ficou aqui kkkkkkkkkk",0,2025-11-25T22:44:55Z,essa dicção dos portugueses me deixa super incomodada graças a deus esse jeito de falar não ficou aqui kkkkkkkkkk,0.5994,positivo,1 star,1,negativo
QE0gHp45XPk,@NandaaWongsawat,O sotaque português é lindo de qualquer maneira para mim.😊,0,2025-11-25T15:35:03Z,o sotaque português é lindo de qualquer maneira para mim😊,0.7184,positivo,1 star,1,negativo
QE0gHp45XPk,@ei_mega,"Tenho um amigo Português e ele disse que toda vez que eu falava que era dia de sacar dinheiro na cabeça dele eu estava brincando. 
Pq em Portugal eles dizem vou levantar um dinheiro. 
Sacar dinheiro em Portugal é roubar dinheiro 🤣😂.",0,2025-11-25T20:44:36Z,tenho um amigo português e ele disse que toda vez que eu falava que era dia de sacar dinheiro na cabeça dele eu estava brincando pq em portugal eles dizem vou levantar um dinheiro sacar dinheiro em portugal é roubar dinheiro 🤣😂,0.7269,positivo,1 star,1,negativo
QE0gHp45XPk,@oMarcolla,Brasil eh tao imenso que nem os próprios brasileiros entendem os próprios brasileiros dependendo do estado kk....muito top,0,2025-11-26T06:35:21Z,brasil eh tao imenso que nem os próprios brasileiros entendem os próprios brasileiros dependendo do estado kkmuito top,0.2023,positivo,5 stars,5,positivo
QE0gHp45XPk,@dudakruger1309,Amo Portugal ❤❤❤❤,0,2025-11-26T10:00:45Z,amo portugal ❤❤❤❤,0.9571,positivo,5 stars,5,positivo
QE0gHp45XPk,@cleiateixeira4478,"Kkkkkkk
 Queria ver eles irem nos Estados brasileiros e verem como cada estado fala . Kkkk",0,2025-11-26T05:33:40Z,kkkkkkk queria ver eles irem nos estados brasileiros e verem como cada estado fala kkkk,0.0,neutro,1 star,1,negativo
QE0gHp45XPk,@nicolabenz908,"O mineirês também economiza letras e emenda palavras, exemplo:
Onde que eu estou:   oncotô 
Para onde que eu vou:  proncovô
Belo Horizonte:  Bélzonte
Teófilo Otoni:  Téufotoni
😂😂😂😂😂😂😂😂",0,2025-11-25T23:53:37Z,o mineirês também economiza letras e emenda palavras exemplo onde que eu estou oncotô para onde que eu vou proncovô belo horizonte bélzonte teófilo otoni téufotoni 😂😂😂😂😂😂😂😂,0.969,positivo,1 star,1,negativo
QE0gHp45XPk,@lucinetedesouzapassos7293,"Me pergunto : quando foi que se criou essa distância entre o português de lá e o de cá, já que Brasil foi colonizado por portugueses... naturalmente deveríamos falar igual aos que cá chegaram inicialmente",0,2025-11-26T00:31:48Z,me pergunto quando foi que se criou essa distância entre o português de lá e o de cá já que brasil foi colonizado por portugueses naturalmente deveríamos falar igual aos que cá chegaram inicialmente,0.0,neutro,1 star,1,negativo
QE0gHp45XPk,@Allie_Sarah25,"Juro, alguns portugueses parecem estar falando russo pra mim 😂😂😂",0,2025-11-26T02:08:28Z,juro alguns portugueses parecem estar falando russo pra mim 😂😂😂,0.8271,positivo,1 star,1,negativo
QE0gHp45XPk,@casaljulisa8988,O cara foi querer competir com piada com  um brasileiro,0,2025-11-26T14:00:13Z,o cara foi querer competir com piada com um brasileiro,0.0,neutro,1 star,1,negativo
QE0gHp45XPk,@Julya2004,Comediante bom 😂😂😂,0,2025-11-26T17:12:04Z,comediante bom 😂😂😂,0.8271,positivo,4 stars,4,positivo
QE0gHp45XPk,@AlexCella,"Quem é nativo de Florianópolis fala comendo fonemas igual português.
(Obs a origem da cidade são dos lusitanos da ilha de açores)

A do colesterol eu entendi fácil 😂",0,2025-11-26T01:11:07Z,quem é nativo de florianópolis fala comendo fonemas igual português obs a origem da cidade são dos lusitanos da ilha de açores a do colesterol eu entendi fácil 😂,0.4404,positivo,1 star,1,negativo
QE0gHp45XPk,@claududu6574,"Teresina, fui e achei que devia ter feito umas aulas do ""idioma"" antes de ir.",0,2025-11-26T08:55:52Z,teresina fui e achei que devia ter feito umas aulas do idioma antes de ir,0.0,neutro,1 star,1,negativo
QE0gHp45XPk,@analidiamaia6833,"😂😂😂😂😂😂vou rir, é melhor em qualquer língua 😅😅😅😅",0,2025-11-26T01:23:26Z,😂😂😂😂😂😂vou rir é melhor em qualquer língua 😅😅😅😅,0.9666,positivo,5 stars,5,positivo
QE0gHp45XPk,@lndpereira2967,E eu amo esse barbudo❤❤❤❤❤❤,0,2025-11-25T18:49:57Z,e eu amo esse barbudo❤❤❤❤❤❤,0.9803,positivo,5 stars,5,positivo
QE0gHp45XPk,@fabianasouza2564,😅 maravilhoso 😂😂😂,0,2025-11-26T19:09:15Z,😅 maravilhoso 😂😂😂,0.8807,positivo,5 stars,5,positivo
QE0gHp45XPk,@motoristaspadrao,"Os Portugueses são uma piada.adoro quando eles ficam bravos com os Brasileiros,são muito engraçados😂😂😂",0,2025-11-25T13:37:09Z,os portugueses são uma piadaadoro quando eles ficam bravos com os brasileirossão muito engraçados😂😂😂,0.8271,positivo,3 stars,3,neutro
QE0gHp45XPk,@Beatrizmachado-k5n,Também te amamos ❤🇵🇹,0,2025-11-26T23:06:46Z,também te amamos ❤🇵🇹,0.0,neutro,5 stars,5,positivo
QE0gHp45XPk,@marcelorafael23,"Diz pro portuga passar um período no PA, CE, RJ, SP e findar no RS. Basta só a capital, nem precisa ir pros interiores, vai ficar maluco 😅",0,2025-11-26T00:13:21Z,diz pro portuga passar um período no pa ce rj sp e findar no rs basta só a capital nem precisa ir pros interiores vai ficar maluco 😅,-0.2263,negativo,1 star,1,negativo
QE0gHp45XPk,@henriquetaolimpio2976,"Eu sou Moçambicana,temos dificuldades de entender o Português de Portugal,falam muito rápido e quase que não se percebe 😂",0,2025-11-25T19:55:22Z,eu sou moçambicanatemos dificuldades de entender o português de portugalfalam muito rápido e quase que não se percebe 😂,0.4404,positivo,1 star,1,negativo
QE0gHp45XPk,@glaucosagat,Onde acho essa conversa completa 😂😂😂,0,2025-11-25T22:06:04Z,onde acho essa conversa completa 😂😂😂,0.8271,positivo,5 stars,5,positivo
QE0gHp45XPk,@Flaviarochaoficial,😂😂😂😂 é muito bom,0,2025-11-26T22:58:22Z,😂😂😂😂 é muito bom,0.891,positivo,5 stars,5,positivo
QE0gHp45XPk,@aflorefotografia4665,"Minas tem de fato outra língua, o Mineirês kkkkkk",0,2025-11-26T04:17:58Z,minas tem de fato outra língua o mineirês kkkkkk,0.0,neutro,1 star,1,negativo
QE0gHp45XPk,@thaisbritoemportugal,"Procurem então vídeos de pessoas dos Açores (Portugal) falando, 😂boa sorte pra entenderem, é o único sotaque que eu não entendo, o meu marido é português e não entende kkkk eles enrolam a língua e misturam o sotaque quase pro francês e português, só vendo pra entenderem😅",0,2025-11-25T23:12:17Z,procurem então vídeos de pessoas dos açores portugal falando 😂boa sorte pra entenderem é o único sotaque que eu não entendo o meu marido é português e não entende kkkk eles enrolam a língua e misturam o sotaque quase pro francês e português só vendo pra entenderem😅,0.1531,positivo,1 star,1,negativo
QE0gHp45XPk,@alenieto13,O sotaque brasileiro ganha por tudo ao sotaque português…na minha humilde opinião.,0,2025-11-26T06:55:02Z,o sotaque brasileiro ganha por tudo ao sotaque português…na minha humilde opinião,0.0,neutro,5 stars,5,positivo
QE0gHp45XPk,@gipizy,Está tudo bem!❤,0,2025-11-25T21:52:38Z,está tudo bem❤,0.6369,positivo,5 stars,5,positivo
QE0gHp45XPk,@walferreira7,"E a palavra diferente? Q eles falam: difrente, e no começo eu ficava procurando o q estava de frente, era uma tristeza 😂",0,2025-11-25T21:04:03Z,e a palavra diferente q eles falam difrente e no começo eu ficava procurando o q estava de frente era uma tristeza 😂,0.1779,positivo,1 star,1,negativo
QE0gHp45XPk,@carolcollant751,"Se no mesmo estado têm diferenças de sotaque que nem eu entendo, quiçá vou entender o sotaque de outros estados 😂😂😂",0,2025-11-26T10:29:20Z,se no mesmo estado têm diferenças de sotaque que nem eu entendo quiçá vou entender o sotaque de outros estados 😂😂😂,0.7579,positivo,3 stars,3,neutro
QE0gHp45XPk,@rosemeiresantos5711,"Quando cheguei em Portugal ,foi um sofrimento 😂😂😂😂",0,2025-11-26T12:07:49Z,quando cheguei em portugal foi um sofrimento 😂😂😂😂,0.891,positivo,1 star,1,negativo
QE0gHp45XPk,@hugocosta5986,"Senhora e senhores conterrâneos do Brasil, então passa a escrever como falas para veres no que isso vai dar. 🙂❤️🇵🇹",0,2025-11-25T17:41:56Z,senhora e senhores conterrâneos do brasil então passa a escrever como falas para veres no que isso vai dar 🙂❤️🇵🇹,0.1298,positivo,5 stars,5,positivo
QE0gHp45XPk,@atlara,"Seria tão bom se fosse sempre assim, todo mundo rindo! Vamos chegar lá, seus doidos....",0,2025-11-25T23:44:56Z,seria tão bom se fosse sempre assim todo mundo rindo vamos chegar lá seus doidos,0.0,neutro,1 star,1,negativo
QE0gHp45XPk,@leandromachado3335,O vídeo tinha tudo pra ir bem... mas ai apareceu Gregório Duvider e acabou com o vídeo...,0,2025-11-25T17:41:16Z,o vídeo tinha tudo pra ir bem mas ai apareceu gregório duvider e acabou com o vídeo,0.0,neutro,1 star,1,negativo
QE0gHp45XPk,@elianeamericadasgracas3248,Que maravilha 🤣🤣🤣🤣,0,2025-11-25T16:37:29Z,que maravilha 🤣🤣🤣🤣,0.9153,positivo,5 stars,5,positivo
QE0gHp45XPk,@joicypaula30,Beber e a cabra que faz 😂😂,0,2025-11-26T00:06:09Z,beber e a cabra que faz 😂😂,0.7003,positivo,5 stars,5,positivo
QE0gHp45XPk,@carlosrobertodasilva2940,Tem pessoal que vem do Piaui e Paraiba trabalhar na cidade onde moro e dificil entender eles quando eles estão covensando entre eles.,1,2025-11-25T14:03:07Z,tem pessoal que vem do piaui e paraiba trabalhar na cidade onde moro e dificil entender eles quando eles estão covensando entre eles,0.0,neutro,4 stars,4,positivo
QE0gHp45XPk,@marajasper6311,"O leite quente do Paraná ,não  sona o mesmo no Rio de Janeiro 😂😂😂😂😂",0,2025-11-25T15:57:21Z,o leite quente do paraná não sona o mesmo no rio de janeiro 😂😂😂😂😂,0.9062,positivo,1 star,1,negativo
QE0gHp45XPk,@jailsonoliveira1977,"Da mesma maneira, ""rapariga"" lá em Portugal não é ofensivo, e ""moça"" já é uma expressão, tipo, de desprezo,  ""cu"" , por sua vez, também não é ofensivo nem palavrão, é o mesmo que ""bunda"". E há várias outras diferenças, palavras e expressões próprias, enfim.",0,2025-11-25T14:00:23Z,da mesma maneira rapariga lá em portugal não é ofensivo e moça já é uma expressão tipo de desprezo cu por sua vez também não é ofensivo nem palavrão é o mesmo que bunda e há várias outras diferenças palavras e expressões próprias enfim,0.0,neutro,1 star,1,negativo
QE0gHp45XPk,@muyhanamarcelo9758,A gente devia ser tudo amigo,0,2025-11-26T16:57:36Z,a gente devia ser tudo amigo,0.0,neutro,3 stars,3,neutro
QE0gHp45XPk,@FrancinaldoOliveira-o2d,"😂😂😂ta tudo bem, é todo mundo estranho",0,2025-11-25T22:33:01Z,😂😂😂ta tudo bem é todo mundo estranho,0.5994,positivo,5 stars,5,positivo
QE0gHp45XPk,@leila.Coelho88,Vem para Florianópolis para vcs verem 😂😂😂😂😂,0,2025-11-26T11:40:21Z,vem para florianópolis para vcs verem 😂😂😂😂😂,0.926,positivo,5 stars,5,positivo
QE0gHp45XPk,@patriciapereira5892,Verdade😂😂😂,0,2025-11-25T14:20:26Z,verdade😂😂😂,0.8271,positivo,5 stars,5,positivo
QE0gHp45XPk,@everson1997santos,Onde eu acho esses vídeo ?,0,2025-11-25T20:41:04Z,onde eu acho esses vídeo,0.0,neutro,5 stars,5,positivo
QE0gHp45XPk,@patriciasilva6565,"Sou Portuguesa. O meu tio quando esteve no Brasil foi a uma padaria e pediu um cacete, que para nós é um tipo de pão 😅😅😅😅",1,2025-11-25T20:23:43Z,sou portuguesa o meu tio quando esteve no brasil foi a uma padaria e pediu um cacete que para nós é um tipo de pão 😅😅😅😅,0.7783,positivo,1 star,1,negativo
QE0gHp45XPk,@ohomemdentrodagarrafa2753,"Usuário da língua é usuário, não tem que comentar.",0,2025-11-26T22:27:55Z,usuário da língua é usuário não tem que comentar,0.0,neutro,1 star,1,negativo
QE0gHp45XPk,@lucianaferreiradeoliveira361,"EU AMO A LÍNGUA PORTUGUESA ESCRITA E PRONUNCIADA CORRETAMENTE CLARO,A DO BRASIL 🇧🇷 
OS FONEMAS SÃO MAIS BONITOS E SOAM MELHORES❤
ACHO HORRÍVEL O PORTUGUÊS DE PORTUGAL A PRONÚNCIA ENTÃO MISERICÓRDIA 😵‍💫😵‍💫",0,2025-11-25T14:48:13Z,eu amo a língua portuguesa escrita e pronunciada corretamente claroa do brasil 🇧🇷 os fonemas são mais bonitos e soam melhores❤ acho horrível o português de portugal a pronúncia então misericórdia 😵‍💫😵‍💫,-0.1027,negativo,1 star,1,negativo
QE0gHp45XPk,@AntonioSouza,"Em um corte, aprendi como falar em Português PT.",0,2025-11-26T01:11:16Z,em um corte aprendi como falar em português pt,0.0,neutro,5 stars,5,positivo
QE0gHp45XPk,@fernandatralala,"Eu não entendi mesmo o ""colesterol"" português 😂",0,2025-11-25T17:08:36Z,eu não entendi mesmo o colesterol português 😂,0.4404,positivo,1 star,1,negativo
QE0gHp45XPk,@micheleduraescabral549,Kkkkkkkkkk 🤣 🤣 🤣 🤣 🤣 🤣 🤣,1,2025-11-25T15:39:42Z,kkkkkkkkkk 🤣 🤣 🤣 🤣 🤣 🤣 🤣,0.9698,positivo,5 stars,5,positivo
QE0gHp45XPk,@bruxalene2,Interessante debate😂😂👏👏,0,2025-11-26T04:15:09Z,interessante debate😂😂👏👏,0.7003,positivo,4 stars,4,positivo
QE0gHp45XPk,@rafaelvieira2005,"Aqui já inventaram outro português, o português de ""todes"" que eu não entendo porra nenhuma",0,2025-11-26T13:05:51Z,aqui já inventaram outro português o português de todes que eu não entendo porra nenhuma,0.0,neutro,1 star,1,negativo
QE0gHp45XPk,@paulosilvestre486,Quando se vai muito para o norte ou para o estado que queria ser pais mas falhou a linguagem fixa meio diferente 😂😂😂,0,2025-11-25T13:56:58Z,quando se vai muito para o norte ou para o estado que queria ser pais mas falhou a linguagem fixa meio diferente 😂😂😂,0.8271,positivo,2 stars,2,negativo
QE0gHp45XPk,@ernesto_longhi,"Acho lindo o português lusitano. Sem falar que, gramaticalmente, é muito maus correto que o nosso.",0,2025-11-26T02:41:40Z,acho lindo o português lusitano sem falar que gramaticalmente é muito maus correto que o nosso,0.0,neutro,1 star,1,negativo
QE0gHp45XPk,@julianarebelattobittencour7486,Kkkk pq o português fala alto qdo fala o nosso português kkkkkkk,0,2025-11-25T17:40:23Z,kkkk pq o português fala alto qdo fala o nosso português kkkkkkk,0.0,neutro,1 star,1,negativo
QE0gHp45XPk,@ingriddreis,Tá todo mundo estranho 😂😂😂😂,0,2025-11-26T13:24:29Z,tá todo mundo estranho 😂😂😂😂,0.891,positivo,1 star,1,negativo
QE0gHp45XPk,@LaureniceMaria-sd1gh,"Aqui não tem discriminação, todo mundo é estranho kkk.",0,2025-11-25T22:06:07Z,aqui não tem discriminação todo mundo é estranho kkk,0.0,neutro,1 star,1,negativo
QE0gHp45XPk,@carlosdias3687,Também vos adoramos,0,2025-11-25T21:59:37Z,também vos adoramos,0.0,neutro,5 stars,5,positivo
QE0gHp45XPk,@mackab351,Como acho esse ep completo?,0,2025-11-26T01:51:35Z,como acho esse ep completo,0.0,neutro,5 stars,5,positivo
QE0gHp45XPk,@luiscarlosaero6430,"O pessoal da Guiana brasileira ainda usam a língua primitiva, não atualizaram...",0,2025-11-25T16:23:03Z,o pessoal da guiana brasileira ainda usam a língua primitiva não atualizaram,0.0,neutro,1 star,1,negativo
QE0gHp45XPk,@eduardoGadielAugusto,👍👍👍,0,2025-11-25T16:18:58Z,👍👍👍,0.0,neutro,5 stars,5,positivo
QE0gHp45XPk,@cristhiane0216,Difícil mesmo é entender o dialeto de alguns adolescentes!😂,0,2025-11-26T00:33:42Z,difícil mesmo é entender o dialeto de alguns adolescentes😂,0.4404,positivo,3 stars,3,neutro
QE0gHp45XPk,@samusam15,Já assistiram Naruto dublado em português de Portugal? Parece uma piada atrás da outra 😂😂😂😂,0,2025-11-26T06:08:24Z,já assistiram naruto dublado em português de portugal parece uma piada atrás da outra 😂😂😂😂,0.891,positivo,1 star,1,negativo
QE0gHp45XPk,@lucianadias5358,Verdade Olka,0,2025-11-25T23:17:13Z,verdade olka,0.0,neutro,5 stars,5,positivo
QE0gHp45XPk,@giltiger,"Como sempre digo nós apenas ESCREVEMOS nossa língua PARECIDO com o Português Lusitano.
Nós Brasileiros somos GRINGOS (basicamente mestiços de Indígenas e africanos) que tinham sua Língua Geral por 250 anos e foram OBRIGADOS NA MARRA a usar a língua alienígena do colonizador...
Fizeram o que foi mandado MAS como MAIORIA que sempre foram, e sem escolas para todos, os ""GRINGOS"" desta terra falam ""errado"" a porcaria dessa língua europeia IMPOSTA com o nosso FORTE SOTAQUE VOCÁLICO E MELÓDICO afro-indígena...",0,2025-11-26T11:53:48Z,como sempre digo nós apenas escrevemos nossa língua parecido com o português lusitano nós brasileiros somos gringos basicamente mestiços de indígenas e africanos que tinham sua língua geral por anos e foram obrigados na marra a usar a língua alienígena do colonizador fizeram o que foi mandado mas como maioria que sempre foram e sem escolas para todos os gringos desta terra falam errado a porcaria dessa língua europeia imposta com o nosso forte sotaque vocálico e melódico afroindígena,0.0,neutro,1 star,1,negativo
QE0gHp45XPk,@mauriliobatista2483,Colstrol lembra marca de lubrificante!,0,2025-11-25T18:01:54Z,colstrol lembra marca de lubrificante,0.0,neutro,5 stars,5,positivo
QE0gHp45XPk,@christiealbuquerque7170,Kolstrow 😂😂😂,0,2025-11-26T22:47:14Z,kolstrow 😂😂😂,0.8271,positivo,3 stars,3,neutro
QE0gHp45XPk,@Tifaniis,"Tá TD bem, todo mundo estranho 😂😂",0,2025-11-25T16:58:59Z,tá td bem todo mundo estranho 😂😂,0.7003,positivo,5 stars,5,positivo
QE0gHp45XPk,@CanalStartupseNegocios,O almofadinha milionário do porta dos fundos é um asco,0,2025-11-25T21:09:34Z,o almofadinha milionário do porta dos fundos é um asco,0.0,neutro,1 star,1,negativo
QE0gHp45XPk,@FernandaAlmeida-zq6su,❤ tá tudo bem 😂😂🇵🇹,0,2025-11-26T21:17:44Z,❤ tá tudo bem 😂😂🇵🇹,0.7351,positivo,5 stars,5,positivo
QE0gHp45XPk,@HugoNeves-b7n,Para o Ricardo Araújo  agora somos doutro pais não  sabia😂😂😂 agora falo e escrevo Russo 😂😂,0,2025-11-26T18:57:41Z,para o ricardo araújo agora somos doutro pais não sabia😂😂😂 agora falo e escrevo russo 😂😂,0.926,positivo,1 star,1,negativo
QE0gHp45XPk,@marcianumata1926,Exatamente...,0,2025-11-26T09:44:40Z,exatamente,0.0,neutro,5 stars,5,positivo
QE0gHp45XPk,@cilaniandrade8287,Principalmente o cearensês 😂😂😂,0,2025-11-26T02:40:20Z,principalmente o cearensês 😂😂😂,0.8271,positivo,3 stars,3,neutro
QE0gHp45XPk,@HugoNeves-b7n,"Aqui falamos em Portugal coléterol engraçado  como tentam inventar que falamos mal ,afinal esse Ricardo Araújo não  representa Portugal só mesmo no Brasil 😂😂😂",0,2025-11-26T18:55:13Z,aqui falamos em portugal coléterol engraçado como tentam inventar que falamos mal afinal esse ricardo araújo não representa portugal só mesmo no brasil 😂😂😂,0.7579,positivo,1 star,1,negativo
QE0gHp45XPk,@mairamafra456,Nem em húngaro tem cnft 😂😂😂😂morri 😂😂,0,2025-11-26T11:27:12Z,nem em húngaro tem cnft 😂😂😂😂morri 😂😂,0.9118,positivo,1 star,1,negativo
QE0gHp45XPk,@everwarlockgames,Pqp ter q ver um cara sem graça fingindo que entende de língua e de doer.,0,2025-11-25T16:28:23Z,pqp ter q ver um cara sem graça fingindo que entende de língua e de doer,0.0,neutro,1 star,1,negativo
QE0gHp45XPk,@Yink07,Tuga aqui 🫶,0,2025-11-26T21:09:19Z,tuga aqui 🫶,0.0,neutro,5 stars,5,positivo
QE0gHp45XPk,@Jhowstay,Guiana Brasileira Pernambuco em Pé,0,2025-11-26T02:31:24Z,guiana brasileira pernambuco em pé,0.0,neutro,1 star,1,negativo
QE0gHp45XPk,@sfcls,Daqui Portuguesa de Portugal.😊,0,2025-11-25T18:09:35Z,daqui portuguesa de portugal😊,0.7184,positivo,5 stars,5,positivo
QE0gHp45XPk,@anamariadejesusalvespereir9950,Kkkk sou lusa  mais acho bem estranho  .kkkk😅😅😅😅😅,0,2025-11-25T16:36:31Z,kkkk sou lusa mais acho bem estranho kkkk😅😅😅😅😅,0.8885,positivo,3 stars,3,neutro
QE0gHp45XPk,@anamariadejesusalvespereir9950,"E cada região  , e como no BRASIL ,  SE FALA DIFETENTE  ..KKKKK",0,2025-11-25T16:37:40Z,e cada região e como no brasil se fala difetente kkkkk,-0.296,negativo,1 star,1,negativo
QE0gHp45XPk,@alcienedanado8327,Eu não teria MATURIDADE pra viver em portugal pois eu jamais mesmo necessitando pediria uma carona pedindo pois pra quem não sabe fazer isto em portugal tem que falar um palavrão daqui no brasil que é BOQUETE fora outros dialetos que são considerados palavrões para nós brasileiros.,0,2025-11-25T22:04:52Z,eu não teria maturidade pra viver em portugal pois eu jamais mesmo necessitando pediria uma carona pedindo pois pra quem não sabe fazer isto em portugal tem que falar um palavrão daqui no brasil que é boquete fora outros dialetos que são considerados palavrões para nós brasileiros,-0.296,negativo,1 star,1,negativo
QE0gHp45XPk,@CataclissmaVortex,😮 Imperceptível  as diferenças,0,2025-11-25T21:59:45Z,😮 imperceptível as diferenças,0.0,neutro,5 stars,5,positivo
QE0gHp45XPk,@guilhermealves7291,Kkkkk😂😂😂😂😂,0,2025-11-25T15:35:03Z,kkkkk😂😂😂😂😂,0.926,positivo,5 stars,5,positivo
QE0gHp45XPk,@InesDeBarros-q8b,E que vcs não conhecem o cearense do Ceará,0,2025-11-26T19:49:58Z,e que vcs não conhecem o cearense do ceará,0.0,neutro,1 star,1,negativo
QE0gHp45XPk,@Anderson_Porto,"Quanto mais explica, pior fica! 😅",0,2025-11-26T12:13:21Z,quanto mais explica pior fica 😅,0.3612,positivo,3 stars,3,neutro
QE0gHp45XPk,@wellingtonhenrique657,"É ""iadirobi"" ou ""yadirobi""???",0,2025-11-25T18:37:32Z,é iadirobi ou yadirobi,0.0,neutro,3 stars,3,neutro
QE0gHp45XPk,@jonasbubola8910,Nós falamos brasileiro,0,2025-11-26T00:13:27Z,nós falamos brasileiro,0.0,neutro,1 star,1,negativo
QE0gHp45XPk,@wallaxibauru2,O video tava bom até aparecer esse gregorio pqp,0,2025-11-25T17:41:43Z,o video tava bom até aparecer esse gregorio pqp,0.0,neutro,3 stars,3,neutro
QE0gHp45XPk,@AnaLu-n5z,Prefiro o português do Brasil o sotaque feio o de Portugal mas tb depende do da região de Brasil …,0,2025-11-25T16:02:47Z,prefiro o português do brasil o sotaque feio o de portugal mas tb depende do da região de brasil …,0.0,neutro,2 stars,2,negativo
QE0gHp45XPk,@Bahdeka,E quando falam Portugal que parece um pombo falando Prutugál,0,2025-11-25T18:10:35Z,e quando falam portugal que parece um pombo falando prutugál,0.0,neutro,1 star,1,negativo
QE0gHp45XPk,@willmilone,Eu sou brasileiro e gosto muito do Português lusitano. Acho bonito tanto o acento daqui quanto o acento de lá. Cada um com sua beleza e singularidades,0,2025-11-25T13:49:22Z,eu sou brasileiro e gosto muito do português lusitano acho bonito tanto o acento daqui quanto o acento de lá cada um com sua beleza e singularidades,0.0,neutro,5 stars,5,positivo
QE0gHp45XPk,@wallacecstr700,Só de olhar pra esse Gregório me enoja.,0,2025-11-26T20:52:24Z,só de olhar pra esse gregório me enoja,0.0,neutro,3 stars,3,neutro
QE0gHp45XPk,@luizhenriquesabino5808,Pena que o gregnews acabou,0,2025-11-25T21:42:10Z,pena que o gregnews acabou,0.0,neutro,1 star,1,negativo
QE0gHp45XPk,@andersonluiz4547,"Portugueses encomodados, com a lingua que nos forçaram a falar.😂😂😂
Deveriamos falar tupiniquim.🌚",0,2025-11-26T18:11:15Z,portugueses encomodados com a lingua que nos forçaram a falar😂😂😂 deveriamos falar tupiniquim🌚,0.8271,positivo,1 star,1,negativo
QE0gHp45XPk,@elainealmeidasantos908,Kkkkkkkk,1,2025-11-25T12:58:43Z,kkkkkkkk,0.0,neutro,3 stars,3,neutro
QE0gHp45XPk,@AnaSilva-hw6yi,Mais um nationall geografic brasileiro .,0,2025-11-26T12:15:38Z,mais um nationall geografic brasileiro,0.0,neutro,3 stars,3,neutro
QE0gHp45XPk,@divacolares1280,😅😅😅,0,2025-11-25T16:44:21Z,😅😅😅,0.7579,positivo,5 stars,5,positivo
QE0gHp45XPk,@ALuisaL,🇵🇹❤️🇧🇷,0,2025-11-25T14:06:07Z,🇵🇹❤️🇧🇷,0.0,neutro,5 stars,5,positivo
QE0gHp45XPk,@IveGon,Acho bem 😁😁😁 😂😂😂😂😂😂😂😂😂😂😂😂😂,0,2025-11-25T21:10:36Z,acho bem 😁😁😁 😂😂😂😂😂😂😂😂😂😂😂😂😂,0.9921,positivo,4 stars,4,positivo
QE0gHp45XPk,@rdgpaixao,Duvivier sabe falar ?,0,2025-11-25T23:06:11Z,duvivier sabe falar,0.0,neutro,5 stars,5,positivo
QE0gHp45XPk,@karlaveiga141,"Não gosto deles, pq eles roubaram nosso ouro e eles não gostam da gente 😡",0,2025-11-26T05:58:02Z,não gosto deles pq eles roubaram nosso ouro e eles não gostam da gente 😡,0.0,neutro,1 star,1,negativo
QE0gHp45XPk,@cleitonkenysoa,Faixa de gajos kkkkkkk Pernambuco em pé 😂😂😂😂😂😂,0,2025-11-25T16:35:32Z,faixa de gajos kkkkkkk pernambuco em pé 😂😂😂😂😂😂,0.9468,positivo,1 star,1,negativo
QE0gHp45XPk,@GiselaValente-y3m,❤😂,0,2025-11-25T20:23:00Z,❤😂,0.7964,positivo,5 stars,5,positivo
QE0gHp45XPk,@HugoNeves-b7n,"Conftavel nem existe essa palavra em Portugal no dicionário ,este brasileiro só  inventa 😂😂😂 é  confortável  aqui em Portugal ,só  inventam",0,2025-11-26T18:48:20Z,conftavel nem existe essa palavra em portugal no dicionário este brasileiro só inventa 😂😂😂 é confortável aqui em portugal só inventam,0.7579,positivo,1 star,1,negativo
QE0gHp45XPk,@nadiasimbole,😂😂😂😂,0,2025-11-25T21:51:00Z,😂😂😂😂,0.891,positivo,5 stars,5,positivo
QE0gHp45XPk,@andreaismerim4057,😂😂😂😂😂😂😂,0,2025-11-25T21:47:50Z,😂😂😂😂😂😂😂,0.9601,positivo,5 stars,5,positivo
QE0gHp45XPk,@NelsonLeal-i6g,Diferença português de Portugal pega no meu peeee. Povo chato. Portugal é a favela da Europa 😂😂😂😂,0,2025-11-26T03:48:38Z,diferença português de portugal pega no meu peeee povo chato portugal é a favela da europa 😂😂😂😂,0.8555,positivo,1 star,1,negativo
QE0gHp45XPk,@ReginaJardimCantora,Não adianta. Nosso PUUURTUGUÊS BRASILÊRO É MAIS LINDO MESMO. 😊,0,2025-11-25T18:47:44Z,não adianta nosso puuurtuguês brasilêro é mais lindo mesmo 😊,0.7184,positivo,1 star,1,negativo
QE0gHp45XPk,@luisalmeida3745,MUITO BOM.....,0,2025-11-26T01:17:52Z,muito bom,0.0,neutro,5 stars,5,positivo
QE0gHp45XPk,@giselilima7938,Detesto o sotaque português de Portugal,0,2025-11-25T16:02:53Z,detesto o sotaque português de portugal,0.0,neutro,1 star,1,negativo
QE0gHp45XPk,@jonedasilva-i4h,😂,0,2025-11-25T14:33:24Z,😂,0.4404,positivo,5 stars,5,positivo
QE0gHp45XPk,@alexrizzohd,Português de portugal eles tem preguiça de pronunciar....,0,2025-11-25T17:33:18Z,português de portugal eles tem preguiça de pronunciar,0.0,neutro,1 star,1,negativo
QE0gHp45XPk,@user-lm4ww7jc9v,😍❤️😍❤️😍❤️😍❤️😍❤️😍❤️,0,2025-11-26T00:14:55Z,😍❤️😍❤️😍❤️😍❤️😍❤️😍❤️,0.9517,positivo,5 stars,5,positivo
QE0gHp45XPk,@str4iff,"Português brasileiro bem falado é bonito, já o de Portugal muito paia",0,2025-11-26T19:37:33Z,português brasileiro bem falado é bonito já o de portugal muito paia,0.0,neutro,4 stars,4,positivo
QE0gHp45XPk,@allisondosanjos5287,Top,0,2025-11-26T01:48:03Z,top,0.2023,positivo,5 stars,5,positivo
QE0gHp45XPk,@Gush12,😹😹😹😹😹😹😹,0,2025-11-26T02:47:10Z,😹😹😹😹😹😹😹,0.9601,positivo,5 stars,5,positivo
QE0gHp45XPk,@antoniofredericoaraujomoreira,"Não ama, nada😅😅😅",0,2025-11-26T20:11:21Z,não ama nada😅😅😅,0.7579,positivo,1 star,1,negativo
QE0gHp45XPk,@Alves30640,Maconheiro Gregório,0,2025-11-26T04:17:36Z,maconheiro gregório,0.0,neutro,3 stars,3,neutro
QE0gHp45XPk,@poroutroangulo2.0,Nordestino,0,2025-11-25T19:40:38Z,nordestino,0.0,neutro,3 stars,3,neutro
QE0gHp45XPk,@simonesouza7028,O povo de Portugal é muito chato!,0,2025-11-26T00:45:33Z,o povo de portugal é muito chato,0.0,neutro,2 stars,2,negativo
QE0gHp45XPk,@m.m4687,Esse português  de Portugal  é horrível  😂😂😂😂😂,0,2025-11-25T15:55:10Z,esse português de portugal é horrível 😂😂😂😂😂,0.926,positivo,1 star,1,negativo
QE0gHp45XPk,@Gabs29127,A linguagem de portugal é muito feia skskskksk,0,2025-11-26T18:48:49Z,a linguagem de portugal é muito feia skskskksk,0.0,neutro,3 stars,3,neutro
QE0gHp45XPk,@AngelicaCRod,"Ele imitou o jeito do Olka falar 
😂😂😂😂😂",1,2025-11-25T18:42:26Z,ele imitou o jeito do olka falar 😂😂😂😂😂,0.926,positivo,5 stars,5,positivo
QE0gHp45XPk,@AnaPaula-qd7oz,😂😂😂😂,0,2025-11-26T00:12:55Z,😂😂😂😂,0.891,positivo,5 stars,5,positivo
QE0gHp45XPk,@iacidovalle8887,😂😂😂😂😂😂😂,0,2025-11-26T19:32:31Z,😂😂😂😂😂😂😂,0.9601,positivo,5 stars,5,positivo
QE0gHp45XPk,@helenamoura8591,🤣🤣🤣,0,2025-11-26T18:42:44Z,🤣🤣🤣,0.8625,positivo,5 stars,5,positivo
QE0gHp45XPk,@rosemeiresantos5711,😂😂😂😂,0,2025-11-26T12:08:29Z,😂😂😂😂,0.891,positivo,5 stars,5,positivo
QE0gHp45XPk,@ingriddreis,😂😂😂😂😂😂,0,2025-11-26T13:23:33Z,😂😂😂😂😂😂,0.9468,positivo,5 stars,5,positivo
QE0gHp45XPk,@tiagosparta5480,😂😂😂😂,0,2025-11-26T16:45:22Z,😂😂😂😂,0.891,positivo,5 stars,5,positivo
QE0gHp45XPk,@andreamariamottalopes6981,😂😂😂😂,0,2025-11-26T22:20:18Z,😂😂😂😂,0.891,positivo,5 stars,5,positivo
